datefirst,AMT.CSV,AMN.csv
Date,Close,Close
2005-02-25,16.846,13.28
2005-02-28,16.6,13.53
2005-03-01,16.912,13.17
2005-03-02,16.846,13.36
2005-03-03,16.989,13.57
2005-03-04,17.009,14.13
2005-03-07,17.179,14.6
2005-03-08,17.189,14.55
2005-03-09,16.8,15.2
2005-03-10,16.894,14.72
2005-03-11,17.208,15.25
2005-03-14,17.117,15.68
2005-03-15,16.912,15.07
2005-03-16,16.954,15.43
2005-03-17,16.856,15.19
2005-03-18,17.019,15.23
2005-03-21,16.828,15.31
2005-03-22,16.657,15.56
2005-03-23,16.383,15.26
2005-03-24,16.418,15.16
2005-03-28,16.339,15.36
2005-03-29,15.976,15.27
2005-03-30,16.14,15.7
2005-03-31,16.513,15.91
2005-04-01,16.438,15.78
2005-04-04,16.23,16.08
2005-04-05,16.305,16.5
2005-04-06,16.315,15.75
2005-04-07,16.305,15.6
2005-04-08,16.23,15.58
2005-04-11,16.105,15.57
2005-04-12,16.105,15.49
2005-04-13,16.085,16.1
2005-04-14,15.725,15.9
2005-04-15,15.535,15.34
2005-04-18,15.622,15.22
2005-04-19,15.76,14.65
2005-04-20,15.351,15.12
2005-04-21,15.405,15.35
2005-04-22,15.479,14.89
2005-04-25,15.479,15.36
2005-04-26,15.622,15
2005-04-27,15.795,15.13
2005-04-28,15.461,14.65
2005-04-29,15.604,14.77
2005-05-02,15.396,14.75
2005-05-03,15.586,14.65
2005-05-04,15.578,14.96
2005-05-05,15.778,14.91
2005-05-06,15.56,15.12
2005-05-09,15.578,15
2005-05-10,15.415,14.42
2005-05-11,15.461,14.18
2005-05-12,15.324,14
2005-05-13,15.09,14.16
2005-05-16,14.908,13.9
2005-05-17,15.125,13.79
2005-05-18,15.461,14.25
2005-05-19,15.586,14.11
2005-05-20,15.578,14.26
2005-05-23,15.795,14.02
2005-05-24,15.734,14.2
2005-05-25,15.66,13.99
2005-05-26,15.896,14.54
2005-05-27,16.114,14.55
2005-05-31,16.339,14.44
2005-06-01,16.305,14.6
2005-06-02,16.573,15.09
2005-06-03,16.919,15.04
2005-06-06,16.791,14.99
2005-06-07,17.074,15.15
2005-06-08,16.676,14.96
2005-06-09,16.703,15.2
2005-06-10,16.638,15.13
2005-06-13,16.628,14.93
2005-06-14,16.989,15.06
2005-06-15,17.047,15.1
2005-06-16,17.399,15.03
2005-06-17,17.217,14.96
2005-06-20,17.343,14.75
2005-06-21,17.454,14.65
2005-06-22,18.089,14.96
2005-06-23,18.25,15
2005-06-24,18.44,15.05
2005-06-27,18.542,14.93
2005-06-28,18.794,14.96
2005-06-29,18.838,15.07
2005-06-30,19.039,15.03
2005-07-01,18.957,15.07
2005-07-05,19.076,15.09
2005-07-06,19.381,15.5
2005-07-07,19.545,15.64
2005-07-08,19.599,15.87
2005-07-11,19.519,16.1
2005-07-12,19.627,16.67
2005-07-13,19.373,16.25
2005-07-14,19.4,16.35
2005-07-15,19.418,16.6
2005-07-18,19.237,16.82
2005-07-19,19.247,16.92
2005-07-20,19.536,17.25
2005-07-21,19.257,16.77
2005-07-22,19.409,16.81
2005-07-25,19.328,16.69
2005-07-26,19.463,16.53
2005-07-27,20.015,16.58
2005-07-28,20.922,16.79
2005-07-29,20.813,16.91
2005-08-01,20.642,16.9
2005-08-02,20.29,17.1
2005-08-03,20.896,17.3
2005-08-04,20.749,16.01
2005-08-05,20.497,15.9
2005-08-08,20.108,15.76
2005-08-09,20.316,15.57
2005-08-10,20.604,15.62
2005-08-11,20.922,15.75
2005-08-12,20.316,15.65
2005-08-15,20.424,15.55
2005-08-16,20.542,15.36
2005-08-17,20.566,15.65
2005-08-18,20.604,15.65
2005-08-19,20.832,15.66
2005-08-22,21.049,15.49
2005-08-23,21.184,15.58
2005-08-24,21.294,15.8
2005-08-25,21.322,16
2005-08-26,21.248,15.8
2005-08-29,21.303,15.47
2005-08-30,21.447,15.55
2005-08-31,21.593,15.46
2005-09-01,21.819,15.56
2005-09-02,21.437,15.47
2005-09-06,21.646,15.53
2005-09-07,21.928,16.51
2005-09-08,22.351,16.52
2005-09-09,22.452,16.75
2005-09-12,22.318,16.6
2005-09-13,22.634,16.07
2005-09-14,22.217,16
2005-09-15,22.482,16
2005-09-16,22.588,16
2005-09-19,22.328,15.86
2005-09-20,21.792,15.62
2005-09-21,21.375,15.46
2005-09-22,21.322,15.63
2005-09-23,21.575,15.77
2005-09-26,21.872,15.55
2005-09-27,21.928,15.41
2005-09-28,21.981,15.3
2005-09-29,22.397,15.56
2005-09-30,22.597,15.47
2005-10-03,22.462,15.47
2005-10-04,22.351,15.44
2005-10-05,21.792,14.82
2005-10-06,21.737,15.33
2005-10-07,21.881,15.26
2005-10-10,21.447,14.95
2005-10-11,21.148,15.01
2005-10-12,21.042,14.87
2005-10-13,21.049,15.16
2005-10-14,21.348,15.62
2005-10-17,21.375,15.45
2005-10-18,20.905,15.43
2005-10-19,21.174,15.75
2005-10-20,20.86,15.63
2005-10-21,21.174,15.86
2005-10-24,21.539,16.48
2005-10-25,21.457,16.29
2005-10-26,20.803,16.02
2005-10-27,20.832,16.01
2005-10-28,21.221,16.29
2005-10-31,21.602,16.5
2005-11-01,22.518,16.4
2005-11-02,22.842,16.55
2005-11-03,22.878,16.69
2005-11-04,22.726,17.67
2005-11-07,22.528,17.71
2005-11-08,23.033,17.45
2005-11-09,23.459,18
2005-11-10,23.54,17.83
2005-11-11,23.873,17.99
2005-11-14,23.657,18
2005-11-15,23.095,18.2
2005-11-16,22.925,18.13
2005-11-17,23.459,18.75
2005-11-18,23.403,18.74
2005-11-21,23.704,19.26
2005-11-22,23.912,19.26
2005-11-23,23.803,19.22
2005-11-25,23.766,19.21
2005-11-28,23.902,18.65
2005-11-29,24.228,19.02
2005-11-30,24.719,19.05
2005-12-01,24.98,20.11
2005-12-02,25.342,19.87
2005-12-05,25.441,19.79
2005-12-06,25.223,19.96
2005-12-07,24.763,19.94
2005-12-08,24.861,20.03
2005-12-09,24.889,19.94
2005-12-12,24.909,19.9
2005-12-13,24.461,19.9
2005-12-14,24.699,19.76
2005-12-15,24.444,19.13
2005-12-16,24.537,19.76
2005-12-19,24.3,19.25
2005-12-20,24.254,19.29
2005-12-21,24.41,19.7
2005-12-22,24.427,19.45
2005-12-23,24.481,19.45
2005-12-27,24.481,19.3
2005-12-28,24.471,19.31
2005-12-29,24.264,19.6
2005-12-30,24.545,19.78
2006-01-03,24.728,19.64
2006-01-04,25.49,19.35
2006-01-05,25.404,19.27
2006-01-06,25.794,19.53
2006-01-09,26.357,19.76
2006-01-10,26.32,20.34
2006-01-11,26.765,20.12
2006-01-12,26.374,20.18
2006-01-13,26.131,20.18
2006-01-17,25.812,20.08
2006-01-18,26.521,20
2006-01-19,26.72,19.85
2006-01-20,26.084,20.04
2006-01-23,26.029,20.01
2006-01-24,26.798,20.11
2006-01-25,26.357,20
2006-01-26,26.428,20.4
2006-01-27,26.635,20.5
2006-01-30,26.798,20.26
2006-01-31,28.023,20.17
2006-02-01,28.133,20.3
2006-02-02,27.832,20.1
2006-02-03,27.823,20.1
2006-02-06,28.295,20.12
2006-02-07,28.124,19.96
2006-02-08,28.395,19.93
2006-02-09,27.615,20
2006-02-10,28.323,19.89
2006-02-13,27.624,20.02
2006-02-14,27.541,19.78
2006-02-15,28.303,19.8
2006-02-16,28.62,19.77
2006-02-17,28.486,19.74
2006-02-21,28.713,19.68
2006-02-22,28.74,19.86
2006-02-23,28.514,20.23
2006-02-24,29.172,20.48
2006-02-27,28.791,20.71
2006-02-28,28.829,20.74
2006-03-01,28.529,20.56
2006-03-02,28.529,20.22
2006-03-03,27.925,20.29
2006-03-06,27.724,20.37
2006-03-07,27.253,20.35
2006-03-08,27.361,20.38
2006-03-09,27.017,19.49
2006-03-10,27.533,19.01
2006-03-13,27.453,18.7
2006-03-14,27.742,18.62
2006-03-15,27.715,18.84
2006-03-16,27.707,18.78
2006-03-17,28.223,19.14
2006-03-20,27.995,19.47
2006-03-21,28.03,19.22
2006-03-22,28.058,19.09
2006-03-23,27.987,19.15
2006-03-24,27.96,18.98
2006-03-27,27.38,18.9
2006-03-28,26.92,18.67
2006-03-29,27.1,18.75
2006-03-30,26.892,18.68
2006-03-31,27.463,18.72
2006-04-03,27.672,18.75
2006-04-04,27.472,18.7
2006-04-05,27.273,18.55
2006-04-06,28.268,18.6
2006-04-07,28.713,18.51
2006-04-10,29.255,18.02
2006-04-11,28.939,17.78
2006-04-12,28.539,17.9
2006-04-13,28.956,17.86
2006-04-17,28.62,17.78
2006-04-18,28.791,18.75
2006-04-19,29.409,18.58
2006-04-20,29.237,18.35
2006-04-21,29.895,18.45
2006-04-24,29.653,18.53
2006-04-25,30.059,18.5
2006-04-26,31.382,18.81
2006-04-27,31.001,19
2006-04-28,30.922,19.22
2006-05-01,31.664,19.73
2006-05-02,31.337,21.25
2006-05-03,31.402,20.6
2006-05-04,31.946,20.5
2006-05-05,32.018,21.25
2006-05-08,31.844,21.25
2006-05-09,31.692,21.19
2006-05-10,31.808,21.13
2006-05-11,31.482,21.32
2006-05-12,30.342,20.87
2006-05-15,30.295,21
2006-05-16,30.584,21.24
2006-05-17,29.445,20.7
2006-05-18,28.629,20.8
2006-05-19,27.967,20.5
2006-05-22,26.816,20.43
2006-05-23,27.325,19.84
2006-05-24,27.443,19.61
2006-05-25,28.203,19.55
2006-05-26,28.566,19.92
2006-05-30,27.491,19.7
2006-05-31,28.048,19.68
2006-06-01,28.539,20.62
2006-06-02,28.411,20.39
2006-06-05,27.925,19.71
2006-06-06,27.569,19.73
2006-06-07,27.325,19.85
2006-06-08,27.416,19.6
2006-06-09,27.043,19.51
2006-06-12,25.895,19.21
2006-06-13,25.82,19.1
2006-06-14,26.59,19.36
2006-06-15,27.579,19.7
2006-06-16,27.28,19.55
2006-06-19,26.901,19.51
2006-06-20,26.664,19.4
2006-06-21,27.689,19.84
2006-06-22,27.443,19.7
2006-06-23,28.03,19.75
2006-06-26,27.5,20.34
2006-06-27,26.807,20.55
2006-06-28,27.061,20.35
2006-06-29,28.058,21.03
2006-06-30,28.186,20.3
2006-07-03,29.264,20.07
2006-07-05,29.093,19.78
2006-07-06,29.445,19.56
2006-07-07,28.504,19.46
2006-07-10,27.869,20.32
2006-07-11,28.457,21.54
2006-07-12,28.303,21.64
2006-07-13,28.213,21.35
2006-07-14,27.515,21.66
2006-07-17,28.359,22.45
2006-07-18,28.593,22
2006-07-19,29.229,22.6
2006-07-20,29.074,22.47
2006-07-21,28.558,22.33
2006-07-24,29.229,22.6
2006-07-25,29.463,22.43
2006-07-26,29.355,21.99
2006-07-27,28.656,21.48
2006-07-28,30.369,22.86
2006-07-31,30.612,22.46
2006-08-01,30.377,21.72
2006-08-02,30.793,21.86
2006-08-03,30.784,22.51
2006-08-04,30.124,21.61
2006-08-07,30.568,21.11
2006-08-08,31.365,22.4
2006-08-09,31.202,21.6
2006-08-10,31.282,21.94
2006-08-11,30.922,21.43
2006-08-14,30.821,21.92
2006-08-15,31.447,22.24
2006-08-16,31.999,22.25
2006-08-17,32.117,21.9
2006-08-18,32.252,21.58
2006-08-21,31.89,22.02
2006-08-22,31.946,23.28
2006-08-23,32.145,22.9
2006-08-24,32.107,23.41
2006-08-25,32.153,22.89
2006-08-28,32.361,23.46
2006-08-29,32.37,23.6
2006-08-30,32.452,24.22
2006-08-31,32.478,24
2006-09-01,32.351,23.68
2006-09-05,32.296,24.41
2006-09-06,32.053,23.99
2006-09-07,31.755,24
2006-09-08,31.828,23.77
2006-09-11,32.389,23.44
2006-09-12,32.65,24.21
2006-09-13,32.905,24.09
2006-09-14,33.176,24.02
2006-09-15,33.249,24.04
2006-09-18,32.95,24.01
2006-09-19,32.37,24.3
2006-09-20,32.559,24.9
2006-09-21,32.859,24.74
2006-09-22,32.833,24
2006-09-25,33.085,24.11
2006-09-26,32.867,23.82
2006-09-27,32.588,23.94
2006-09-28,32.96,23.95
2006-09-29,33.058,23.75
2006-10-02,32.436,23.67
2006-10-03,32.497,23.38
2006-10-04,32.842,23.83
2006-10-05,33.241,24.15
2006-10-06,33.294,24.25
2006-10-09,33.675,24.62
2006-10-10,33.856,24.65
2006-10-11,33.982,24.31
2006-10-12,34.219,25.39
2006-10-13,34.344,25.5
2006-10-16,34.454,25.67
2006-10-17,33.939,25.8
2006-10-18,33.675,25.61
2006-10-19,33.685,25.31
2006-10-20,33.921,25.22
2006-10-23,33.186,25.95
2006-10-24,32.559,25.64
2006-10-25,32.335,25.88
2006-10-26,33.649,26.03
2006-10-27,33.384,25.56
2006-10-30,32.541,25.93
2006-10-31,32.626,25.29
2006-11-01,32.607,24.62
2006-11-02,33.557,26.68
2006-11-03,33.529,26.47
2006-11-06,33.864,27.03
2006-11-07,34.072,27.01
2006-11-08,33.774,27.2
2006-11-09,33.475,27.09
2006-11-10,32.66,27.44
2006-11-13,32.824,27.99
2006-11-14,33.095,27.92
2006-11-15,34.219,28.05
2006-11-16,34.145,28.08
2006-11-17,34.072,28.13
2006-11-20,34.055,27.74
2006-11-21,34.663,27.77
2006-11-22,34.429,27.92
2006-11-24,34.454,28
2006-11-27,33.874,27.23
2006-11-28,33.475,27.3
2006-11-29,34.627,28.2
2006-11-30,34.298,27.75
2006-12-01,34.1,27.21
2006-12-04,34.145,27.65
2006-12-05,33.828,28.09
2006-12-06,34.183,28.15
2006-12-07,33.847,28.03
2006-12-08,33.61,28.22
2006-12-11,34.154,27.99
2006-12-12,33.322,27.7
2006-12-13,32.924,27.54
2006-12-14,32.805,27.83
2006-12-15,33.376,27.65
2006-12-18,33.376,27.08
2006-12-19,33.738,26.99
2006-12-20,33.494,27.63
2006-12-21,33.122,27.65
2006-12-22,32.75,27.71
2006-12-26,32.768,27.93
2006-12-27,32.941,28.2
2006-12-28,33.484,27.82
2006-12-29,33.764,27.54
2007-01-03,34.419,27.5
2007-01-04,34.279,27.2
2007-01-05,33.982,26.54
2007-01-08,34.952,26.91
2007-01-09,35.458,27.04
2007-01-10,35.604,26.96
2007-01-11,35.731,26.9
2007-01-12,36.039,26.56
2007-01-16,36.002,26.59
2007-01-17,35.903,27.08
2007-01-18,35.966,26.01
2007-01-19,36.229,25.95
2007-01-22,35.921,25.52
2007-01-23,36.291,26.12
2007-01-24,36.357,26.06
2007-01-25,36.229,25.71
2007-01-26,36.246,25.63
2007-01-29,35.813,25.54
2007-01-30,36.029,25.05
2007-01-31,36.076,25.88
2007-02-01,36.246,26.32
2007-02-02,36.174,26.34
2007-02-05,36.265,25.44
2007-02-06,36.319,25.56
2007-02-07,36.366,25.36
2007-02-08,36.366,25.72
2007-02-09,36.157,25.52
2007-02-12,35.775,26.52
2007-02-13,35.82,27.11
2007-02-14,35.867,27.21
2007-02-15,36.383,26.78
2007-02-16,36.518,26.96
2007-02-20,36.989,27.29
2007-02-21,36.772,27.26
2007-02-22,36.574,27.48
2007-02-23,36.455,28.31
2007-02-26,36.628,28.53
2007-02-27,35.186,27.36
2007-02-28,35.069,27.68
2007-03-01,34.743,27.75
2007-03-02,34.21,23.57
2007-03-05,33.675,22.29
2007-03-06,34.419,22.31
2007-03-07,34.247,21.42
2007-03-08,34.401,21.63
2007-03-09,34.262,21.93
2007-03-12,34.97,21.17
2007-03-13,34.119,21.21
2007-03-14,34.072,22
2007-03-15,33.982,23.09
2007-03-16,34.01,22.61
2007-03-19,34.262,22.67
2007-03-20,34.462,22.83
2007-03-21,35.512,23.38
2007-03-22,35.604,23.68
2007-03-23,35.921,23.5
2007-03-26,35.867,23.11
2007-03-27,35.323,23.15
2007-03-28,34.751,22.88
2007-03-29,34.935,22.7
2007-03-30,35.276,22.62
2007-04-02,35.314,22.95
2007-04-03,35.532,23.48
2007-04-04,35.415,23.14
2007-04-05,35.594,22.83
2007-04-09,35.624,23.54
2007-04-10,35.731,23.62
2007-04-11,35.756,24.26
2007-04-12,35.74,24.06
2007-04-13,35.813,24.38
2007-04-16,35.775,24.98
2007-04-17,36.01,24.87
2007-04-18,36.076,24.95
2007-04-19,35.775,24.77
2007-04-20,35.512,25.02
2007-04-23,35.143,24.54
2007-04-24,35.415,24.47
2007-04-25,35.387,24.57
2007-04-26,34.942,24.66
2007-04-27,34.995,24.71
2007-04-30,34.419,24.35
2007-05-01,34.419,22.11
2007-05-02,35.005,22.31
2007-05-03,34.543,22.01
2007-05-04,34.789,22.37
2007-05-07,35.323,22.32
2007-05-08,35.903,22.54
2007-05-09,35.684,22.46
2007-05-10,35.087,22.54
2007-05-11,36.076,22.47
2007-05-14,36.827,21.96
2007-05-15,36.538,21.59
2007-05-16,36.898,21.45
2007-05-17,36.818,21.54
2007-05-18,37.414,21.51
2007-05-21,37.443,22.01
2007-05-22,37.481,22.06
2007-05-23,37.785,22.21
2007-05-24,37.471,22.73
2007-05-25,37.922,22.69
2007-05-29,38.303,22.73
2007-05-30,38.818,22.36
2007-05-31,39.109,22.52
2007-06-01,38.901,22.95
2007-06-04,38.793,23.07
2007-06-05,38.827,22.81
2007-06-06,38.175,22.57
2007-06-07,37.361,22.25
2007-06-08,37.697,22.45
2007-06-11,37.967,22.36
2007-06-12,38.249,22.27
2007-06-13,38.439,22.45
2007-06-14,38.492,22.4
2007-06-15,38.883,23.17
2007-06-18,38.793,22.68
2007-06-19,39.064,22.67
2007-06-20,37.879,22.11
2007-06-21,37.776,22.45
2007-06-22,37.542,22.33
2007-06-25,37.135,22.41
2007-06-26,36.8,22.07
2007-06-27,37.767,22.53
2007-06-28,37.851,22.37
2007-06-29,38.041,22
2007-07-02,39.064,21.95
2007-07-03,38.784,22
2007-07-05,38.718,21.87
2007-07-06,39.389,21.76
2007-07-09,39.19,21.6
2007-07-10,38.393,21.17
2007-07-11,38.583,21.25
2007-07-12,40.105,21.4
2007-07-13,40.232,21.49
2007-07-16,39.879,21.24
2007-07-17,39.635,21.47
2007-07-18,39.398,21.35
2007-07-19,40.892,21.48
2007-07-20,40.775,21.38
2007-07-23,40.502,21.46
2007-07-24,39.326,21.05
2007-07-25,38.946,21.24
2007-07-26,37.534,21.07
2007-07-27,36.981,21
2007-07-30,38.303,21.46
2007-07-31,37.732,21.47
2007-08-01,36.538,21.71
2007-08-02,37.577,22.23
2007-08-03,36.339,21.23
2007-08-06,36.4,21.74
2007-08-07,37.135,16.84
2007-08-08,37.757,17.33
2007-08-09,37.235,18.85
2007-08-10,36.853,18.55
2007-08-13,36.565,18.1
2007-08-14,35.775,18.09
2007-08-15,34.454,18.22
2007-08-16,33.693,18.34
2007-08-17,35.895,18.72
2007-08-20,35.179,18.7
2007-08-21,34.401,18.14
2007-08-22,35.66,18.2
2007-08-23,35.186,17.85
2007-08-24,35.903,17.75
2007-08-27,35.731,17.67
2007-08-28,34.995,17.39
2007-08-29,35.432,17.61
2007-08-30,35.077,17.75
2007-08-31,35.886,17.83
2007-09-04,36.273,17.96
2007-09-05,35.332,17.99
2007-09-06,34.835,18.2
2007-09-07,34.524,18.01
2007-09-10,34.228,17.65
2007-09-11,35.485,17.83
2007-09-12,34.697,17.66
2007-09-13,35.485,17.82
2007-09-14,35.83,17.83
2007-09-17,36.718,17.59
2007-09-18,37.55,18.57
2007-09-19,37.497,18.85
2007-09-20,37.87,18.79
2007-09-21,38.249,18.84
2007-09-24,38.204,18.59
2007-09-25,38.249,18.63
2007-09-26,38.883,18.86
2007-09-27,39.706,19.14
2007-09-28,39.435,18.73
2007-10-01,39.969,19.03
2007-10-02,38.765,19.02
2007-10-03,38.602,18.89
2007-10-04,39.264,19.44
2007-10-05,38.718,19.83
2007-10-08,38.402,19.56
2007-10-09,38.756,19.3
2007-10-10,38.621,19.04
2007-10-11,39.373,18.87
2007-10-12,39.553,18.82
2007-10-15,38.991,18.76
2007-10-16,38.548,18.76
2007-10-17,38.674,18.86
2007-10-18,38.693,18.89
2007-10-19,37.841,18.16
2007-10-22,38.385,18.45
2007-10-23,39.163,18.48
2007-10-24,39.281,18.65
2007-10-25,40.422,19.09
2007-10-26,41.011,19.02
2007-10-29,41.971,19
2007-10-30,40.712,18.51
2007-10-31,40.015,19.01
2007-11-01,39.76,18.94
2007-11-02,40.975,18.85
2007-11-05,40.921,18.58
2007-11-06,41.546,18.79
2007-11-07,39.969,18.14
2007-11-08,39.117,18.08
2007-11-09,38.258,17.83
2007-11-12,38.157,17.62
2007-11-13,38.638,18.02
2007-11-14,39.335,18.15
2007-11-15,40.079,17.88
2007-11-16,40.757,17.32
2007-11-19,40.631,16.98
2007-11-20,39.879,17
2007-11-21,39.489,16.78
2007-11-23,39.969,16.85
2007-11-26,39.716,16.54
2007-11-27,39.816,16.84
2007-11-28,40.422,17.1
2007-11-29,41.244,17.09
2007-11-30,41.244,16.88
2007-12-03,40.684,16.77
2007-12-04,38.448,16.93
2007-12-05,38.793,17.03
2007-12-06,38.175,17.37
2007-12-07,38.656,17.04
2007-12-10,39.146,17
2007-12-11,38.422,16.53
2007-12-12,37.948,16.75
2007-12-13,37.08,16.88
2007-12-14,36.998,16.59
2007-12-17,36.366,16.48
2007-12-18,37.135,16.79
2007-12-19,37.642,16.71
2007-12-20,37.652,16.75
2007-12-21,38.204,16.65
2007-12-24,38.51,17.42
2007-12-26,38.846,17.28
2007-12-27,38.385,16.94
2007-12-28,38.422,16.97
2007-12-31,38.583,17.17
2008-01-02,37.353,16.61
2008-01-03,36.645,16.22
2008-01-04,35.667,16
2008-01-07,35.458,16.39
2008-01-08,34.419,15.99
2008-01-09,34.87,16.27
2008-01-10,35.624,16.32
2008-01-11,35.352,16.12
2008-01-14,36.2,16.17
2008-01-15,35.379,16.13
2008-01-16,34.743,15.68
2008-01-17,34.734,15.66
2008-01-18,33.186,15.66
2008-01-22,32.524,15.74
2008-01-23,32.533,15.61
2008-01-24,34.419,15
2008-01-25,32.768,15.26
2008-01-28,33.44,15.37
2008-01-29,35.153,15.41
2008-01-30,34.136,15.45
2008-01-31,33.901,15.61
2008-02-01,35.005,15.64
2008-02-04,34.925,15.01
2008-02-05,33.465,14.77
2008-02-06,34.183,14.98
2008-02-07,33.61,14.89
2008-02-08,34.063,14.71
2008-02-11,35.033,14.49
2008-02-12,35.604,14.38
2008-02-13,36.057,14.55
2008-02-14,35.179,14.48
2008-02-15,35.267,14.33
2008-02-19,35.449,14.48
2008-02-20,35.756,14.9
2008-02-21,35.259,15.02
2008-02-22,36.047,14.94
2008-02-25,36.366,15.15
2008-02-26,37.225,15.45
2008-02-27,36.565,16.3
2008-02-28,36.755,16.1
2008-02-29,34.816,16.19
2008-03-03,34.47,16.01
2008-03-04,34.09,15.76
2008-03-05,34.439,16.27
2008-03-06,33.675,15.87
2008-03-07,33.322,15.88
2008-03-10,32.153,15.82
2008-03-11,33.366,16
2008-03-12,32.932,15.96
2008-03-13,33.792,16.15
2008-03-14,33.864,15.63
2008-03-17,34.145,15.08
2008-03-18,35.512,15.49
2008-03-19,35.295,15.26
2008-03-20,35.458,15.09
2008-03-24,36.283,15.78
2008-03-25,36.209,15.89
2008-03-26,36.718,16.09
2008-03-27,36.671,15.92
2008-03-28,35.267,15.96
2008-03-31,35.512,15.42
2008-04-01,36.192,15.97
2008-04-02,36.528,16.19
2008-04-03,37.145,16.05
2008-04-04,36.827,16.13
2008-04-07,36.256,16.03
2008-04-08,36.708,16.03
2008-04-09,35.895,15.55
2008-04-10,35.756,15.54
2008-04-11,35.267,14.89
2008-04-14,35.323,14.6
2008-04-15,35.196,14.79
2008-04-16,36.238,15.28
2008-04-17,36.093,15.34
2008-04-18,37.126,15.59
2008-04-21,37.804,15.47
2008-04-22,37.325,15.28
2008-04-23,38.666,14.87
2008-04-24,39.373,15.05
2008-04-25,39.472,15.18
2008-04-28,39.308,14.96
2008-04-29,39.009,15
2008-04-30,39.326,14.59
2008-05-01,39.543,15.1
2008-05-02,40.087,15.31
2008-05-05,39.173,15.09
2008-05-06,39.835,16.14
2008-05-07,39.825,15.25
2008-05-08,39.845,16.41
2008-05-09,39.598,16.5
2008-05-12,40.304,16.9
2008-05-13,40.586,16.93
2008-05-14,41.101,17.01
2008-05-15,41.318,17.03
2008-05-16,41.282,17.05
2008-05-19,41.254,17.05
2008-05-20,40.722,16.71
2008-05-21,39.617,16.6
2008-05-22,39.608,16.84
2008-05-23,39.398,16.52
2008-05-27,40.14,16.82
2008-05-28,40.64,17.13
2008-05-29,40.921,17.1
2008-05-30,41.409,17.41
2008-06-02,40.648,17.21
2008-06-03,40.413,17.04
2008-06-04,39.389,17.37
2008-06-05,39.905,17.66
2008-06-06,37.87,17.2
2008-06-09,38.756,17.39
2008-06-10,39.208,17.52
2008-06-11,38.249,17.4
2008-06-12,38.365,17.58
2008-06-13,39.127,17.77
2008-06-16,39.914,17.77
2008-06-17,40.313,17.72
2008-06-18,39.905,17.65
2008-06-19,40.079,17.66
2008-06-20,39.218,17.55
2008-06-23,38.069,17.17
2008-06-24,38.013,16.82
2008-06-25,38.646,17.31
2008-06-26,37.595,17.06
2008-06-27,37.577,17.21
2008-06-30,38.267,16.92
2008-07-01,36.755,17.13
2008-07-02,35.65,16.86
2008-07-03,36.047,16.6
2008-07-07,36.265,16.58
2008-07-08,36.653,17.51
2008-07-09,36.165,17.5
2008-07-10,37.343,17.76
2008-07-11,36.273,17.8
2008-07-14,36.111,17.73
2008-07-15,36.246,18.12
2008-07-16,36.391,18.62
2008-07-17,35.992,18.58
2008-07-18,36.002,18.45
2008-07-21,35.84,18.58
2008-07-22,35.549,18.84
2008-07-23,36.809,18.88
2008-07-24,36.111,18.69
2008-07-25,37.489,18.72
2008-07-28,36.989,18.68
2008-07-29,37.443,19.14
2008-07-30,38.765,19.05
2008-07-31,37.948,18.9
2008-08-01,37.706,19
2008-08-04,37.206,18.67
2008-08-05,37.368,19.08
2008-08-06,38.283,17
2008-08-07,37.196,16.48
2008-08-08,38.365,16.99
2008-08-11,38.965,17.38
2008-08-12,38.728,17.68
2008-08-13,38.385,18.1
2008-08-14,38.528,18.34
2008-08-15,38.303,18.58
2008-08-18,37.434,18.36
2008-08-19,36.183,18.11
2008-08-20,36.01,18.32
2008-08-21,36.538,18.23
2008-08-22,37.054,18.74
2008-08-25,36.3,18.3
2008-08-26,36.681,18.54
2008-08-27,37.262,18.82
2008-08-28,37.977,19.15
2008-08-29,37.434,19
2008-09-02,37.28,18.97
2008-09-03,36.409,19.33
2008-09-04,35.033,19.06
2008-09-05,35.114,18.94
2008-09-08,36.192,19.02
2008-09-09,34.979,18.79
2008-09-10,34.706,19.03
2008-09-11,35.124,19.45
2008-09-12,35.632,19.27
2008-09-15,33.956,18.76
2008-09-16,34.571,19
2008-09-17,32.07,17.52
2008-09-18,35.223,17.91
2008-09-19,35.966,18.95
2008-09-22,33.774,18.81
2008-09-23,32.199,18.26
2008-09-24,32.053,18.04
2008-09-25,34.506,18.09
2008-09-26,34.59,18.05
2008-09-29,30.975,17.17
2008-09-30,32.578,17.57
2008-10-01,32.452,16.77
2008-10-02,30.396,16.01
2008-10-03,31.365,15.51
2008-10-06,30.224,14.94
2008-10-07,28.495,14.29
2008-10-08,30.024,14.27
2008-10-09,27.906,13.11
2008-10-10,26.807,13.13
2008-10-13,30.766,14.07
2008-10-14,29.87,12.95
2008-10-15,27.181,11.74
2008-10-16,29.101,12.16
2008-10-17,30.621,11.66
2008-10-20,29.953,12.1
2008-10-21,28.213,11.72
2008-10-22,26.503,11.16
2008-10-23,25.135,11.07
2008-10-24,24.572,10.5
2008-10-27,24.291,10.12
2008-10-28,27.491,10.55
2008-10-29,26.339,9.97
2008-10-30,27.19,10.43
2008-10-31,29.264,8.99
2008-11-03,29.535,9.43
2008-11-04,29.363,9.61
2008-11-05,28.096,10
2008-11-06,27.153,9.59
2008-11-07,27.689,9.54
2008-11-10,26.782,9.71
2008-11-11,25.414,9.5
2008-11-12,23.704,8.93
2008-11-13,24.653,9.27
2008-11-14,24.129,8.62
2008-11-17,22.415,8.89
2008-11-18,21.792,9.03
2008-11-19,19.545,8.43
2008-11-20,18.242,8.2
2008-11-21,18.947,8.16
2008-11-24,22.779,8.35
2008-11-25,22.726,8.61
2008-11-26,24.617,8.91
2008-11-28,24.671,8.92
2008-12-01,23.033,7.9
2008-12-02,24.617,8.19
2008-12-03,25.205,8.37
2008-12-04,25.262,7.84
2008-12-05,26.825,8.09
2008-12-08,26.364,7.79
2008-12-09,24.808,7.84
2008-12-10,25.242,8.13
2008-12-11,24.881,7.81
2008-12-12,24.291,8
2008-12-15,23.846,7.8
2008-12-16,25.604,8.12
2008-12-17,25.975,8.04
2008-12-18,25.707,7.99
2008-12-19,26.673,8.46
2008-12-22,25.07,8.26
2008-12-23,25.178,8.22
2008-12-24,25.144,8.08
2008-12-26,25.612,8.18
2008-12-29,24.861,8.08
2008-12-30,25.584,8.28
2008-12-31,26.556,8.46
2009-01-02,27.343,8.57
2009-01-05,27.234,8.66
2009-01-06,27.38,8.57
2009-01-07,26.32,8.51
2009-01-08,26.149,8.56
2009-01-09,25.716,8.18
2009-01-12,25.378,7.89
2009-01-13,25.784,7.82
2009-01-14,25.421,7.7
2009-01-15,25.96,7.95
2009-01-16,26.329,7.82
2009-01-20,25.316,7.32
2009-01-21,26.774,7.33
2009-01-22,26.972,7.16
2009-01-23,27.28,6.95
2009-01-26,27.171,6.5
2009-01-27,27.397,6.8
2009-01-28,28.982,6.94
2009-01-29,28.276,6.51
2009-01-30,27.482,6.8
2009-02-02,27.397,6.68
2009-02-03,27.715,6.7
2009-02-04,27.39,6.62
2009-02-05,27.751,6.82
2009-02-06,27.351,7.27
2009-02-09,27.207,7.33
2009-02-10,26.184,6.96
2009-02-11,26.193,7.09
2009-02-12,26.139,7.22
2009-02-13,26.131,7.2
2009-02-17,24.662,6.97
2009-02-18,24.392,7.02
2009-02-19,23.776,7.21
2009-02-20,24.091,6.86
2009-02-23,23.269,6.71
2009-02-24,24.68,6.88
2009-02-25,24.291,6.42
2009-02-26,26.084,6.3
2009-02-27,26.374,6.51
2009-03-02,25.232,5.99
2009-03-03,24.772,5.4
2009-03-04,25.55,5.36
2009-03-05,24.772,5.16
2009-03-06,24.709,4.89
2009-03-09,24.336,4.71
2009-03-10,25.716,4.76
2009-03-11,26.54,4.67
2009-03-12,27.043,4.99
2009-03-13,26.483,5.19
2009-03-16,26.302,5.1
2009-03-17,27.351,5.43
2009-03-18,28.077,5.42
2009-03-19,27.925,5.31
2009-03-20,27.715,5.19
2009-03-23,29.093,5.67
2009-03-24,29.002,5.02
2009-03-25,28.901,5.03
2009-03-26,28.73,5.38
2009-03-27,28.992,5.07
2009-03-30,27.595,5.1
2009-03-31,27.56,5.1
2009-04-01,28.566,5.21
2009-04-02,30.016,5.96
2009-04-03,31.149,6.01
2009-04-06,29.609,6.11
2009-04-07,28.782,5.91
2009-04-08,28.866,6.15
2009-04-09,29.726,6.52
2009-04-13,29.181,6.43
2009-04-14,27.995,6.33
2009-04-15,29.39,6.59
2009-04-16,30.033,6.44
2009-04-17,29.799,6.43
2009-04-20,28.576,6.14
2009-04-21,29.191,6.47
2009-04-22,28.992,6.42
2009-04-23,28.974,6.21
2009-04-24,29.697,6.41
2009-04-27,29.826,6.2
2009-04-28,29.473,6.46
2009-04-29,30.152,6.94
2009-04-30,28.765,6.89
2009-05-01,27.906,7.14
2009-05-04,27.025,7.33
2009-05-05,28.105,7.44
2009-05-06,28.177,7.52
2009-05-07,27.181,7.54
2009-05-08,26.703,7.83
2009-05-11,26.798,7.79
2009-05-12,26.219,7.76
2009-05-13,25.414,7.53
2009-05-14,26.167,7.83
2009-05-15,25.55,7.55
2009-05-18,27.424,7.51
2009-05-19,27.289,7.51
2009-05-20,27.153,7.56
2009-05-21,26.625,7.37
2009-05-22,26.756,7.17
2009-05-26,27.605,7.48
2009-05-27,27.742,7.23
2009-05-28,28.239,7.23
2009-05-29,28.866,7.2
2009-06-01,29.172,7.19
2009-06-02,29.027,7.32
2009-06-03,28.105,7.4
2009-06-04,27.942,7.6
2009-06-05,27.615,7.78
2009-06-08,26.91,7.61
2009-06-09,27.769,7.56
2009-06-10,27.343,7.38
2009-06-11,27.38,7.47
2009-06-12,27.56,7.36
2009-06-15,27.061,7
2009-06-16,26.673,6.86
2009-06-17,26.521,6.99
2009-06-18,26.798,7.05
2009-06-19,26.853,6.65
2009-06-22,26.456,5.97
2009-06-23,27.017,6.17
2009-06-24,28.656,6.09
2009-06-25,29.036,6.36
2009-06-26,28.866,6.41
2009-06-29,29.181,6.39
2009-06-30,28.558,6.38
2009-07-01,28.666,6.73
2009-07-02,28.058,6.15
2009-07-06,27.777,6.19
2009-07-07,27.263,6.08
2009-07-08,27.416,6.08
2009-07-09,28.004,6.1
2009-07-10,27.879,6.13
2009-07-13,28.648,6.25
2009-07-14,28.829,6.26
2009-07-15,29.635,6.67
2009-07-16,29.535,6.68
2009-07-17,29.181,6.57
2009-07-20,29.399,6.91
2009-07-21,29.282,6.73
2009-07-22,29.627,6.59
2009-07-23,30.584,6.85
2009-07-24,30.323,6.93
2009-07-27,30.286,6.98
2009-07-28,30.369,7.19
2009-07-29,30.152,7.29
2009-07-30,31.131,7.58
2009-07-31,30.875,7.28
2009-08-03,31.61,7.31
2009-08-04,31.166,7.38
2009-08-05,30.36,7.18
2009-08-06,29.689,7.01
2009-08-07,29.229,8.54
2009-08-10,29.318,8.54
2009-08-11,29.219,8.96
2009-08-12,29.219,9.14
2009-08-13,29.454,8.85
2009-08-14,29.101,8.46
2009-08-17,28.73,8.23
2009-08-18,29.39,8.46
2009-08-19,29.308,9.02
2009-08-20,29.915,9.11
2009-08-21,29.999,9.35
2009-08-24,29.697,9.34
2009-08-25,29.454,9.36
2009-08-26,29.39,9.47
2009-08-27,29.201,10.26
2009-08-28,29.084,9.87
2009-08-31,28.666,9.87
2009-09-01,28.159,9.56
2009-09-02,28.058,9.45
2009-09-03,28.974,9.36
2009-09-04,30.234,9.49
2009-09-08,31.047,9.48
2009-09-09,31.038,9.48
2009-09-10,31.664,9.66
2009-09-11,32.088,9.84
2009-09-14,31.519,9.91
2009-09-15,32.107,9.91
2009-09-16,32.407,10.26
2009-09-17,33.232,10.36
2009-09-18,34.08,10.48
2009-09-21,33.847,10.35
2009-09-22,33.8,10.37
2009-09-23,33.693,10.04
2009-09-24,32.969,9.79
2009-09-25,32.96,9.74
2009-09-28,33.376,9.9
2009-09-29,32.96,9.73
2009-09-30,32.969,9.51
2009-10-01,32.045,9.18
2009-10-02,32.286,9.6
2009-10-05,33.003,9.75
2009-10-06,33.738,10.14
2009-10-07,33.43,10.45
2009-10-08,33.159,10.67
2009-10-09,33.223,10.69
2009-10-12,34.174,10.45
2009-10-13,33.665,10.47
2009-10-14,34.524,10.75
2009-10-15,36.265,10.45
2009-10-16,35.731,10.23
2009-10-19,36.3,10.46
2009-10-20,35.895,10.2
2009-10-21,35.276,9.88
2009-10-22,35.379,10.09
2009-10-23,34.835,9.73
2009-10-26,34.533,9.48
2009-10-27,34.201,9.21
2009-10-28,33.764,8.67
2009-10-29,34.637,9.14
2009-10-30,33.349,8.32
2009-11-02,33.629,8.3
2009-11-03,34.797,8.35
2009-11-04,34.734,8.09
2009-11-05,35.051,8.65
2009-11-06,35.105,8.5
2009-11-09,35.974,8.5
2009-11-10,35.921,8.56
2009-11-11,36.219,8.5
2009-11-12,35.702,8.31
2009-11-13,36.019,8.36
2009-11-16,36.698,8.53
2009-11-17,37.262,8.49
2009-11-18,37.08,8.5
2009-11-19,36.61,8.34
2009-11-20,36.809,8.36
2009-11-23,36.954,8.64
2009-11-24,36.962,8.57
2009-11-25,37.361,8.43
2009-11-27,37.026,8.25
2009-11-30,37.063,7.99
2009-12-01,37.74,8.3
2009-12-02,37.624,8.33
2009-12-03,37.126,8.18
2009-12-04,37.135,8.33
2009-12-07,36.518,8.45
2009-12-08,35.476,8.33
2009-12-09,35.66,8.29
2009-12-10,36.319,8.2
2009-12-11,36.265,8.41
2009-12-14,36.972,9.05
2009-12-15,37.089,8.72
2009-12-16,37.661,8.76
2009-12-17,37.732,8.85
2009-12-18,38.147,9.34
2009-12-21,38.638,9.29
2009-12-22,38.982,9.35
2009-12-23,38.892,9.28
2009-12-24,39.326,9.3
2009-12-28,39.373,9.43
2009-12-29,39.109,9.38
2009-12-30,39.227,9.32
2009-12-31,39.136,9.06
2010-01-04,39.363,9.43
2010-01-05,40.015,9.3
2010-01-06,40.224,9.26
2010-01-07,40.114,9.37
2010-01-08,40.196,9.59
2010-01-11,39.835,9.84
2010-01-12,39.344,9.47
2010-01-13,40.178,9.7
2010-01-14,40.405,9.75
2010-01-15,39.854,9.5
2010-01-19,40.024,9.61
2010-01-20,40.149,9.36
2010-01-21,39.835,9.15
2010-01-22,38.204,9.07
2010-01-25,39.127,9.17
2010-01-26,38.528,9.07
2010-01-27,38.638,9.02
2010-01-28,38.328,8.78
2010-01-29,38.448,8.7
2010-02-01,39.017,8.83
2010-02-02,38.974,8.86
2010-02-03,38.756,8.69
2010-02-04,37.153,8.38
2010-02-05,36.319,8.5
2010-02-08,36.836,8.31
2010-02-09,37.542,8.52
2010-02-10,37.671,8.58
2010-02-11,38.51,8.8
2010-02-12,38.602,8.95
2010-02-16,39.272,9.13
2010-02-17,39.589,9.19
2010-02-18,39.299,9.5
2010-02-19,39.778,9.7
2010-02-22,39.653,9.67
2010-02-23,38.775,9.51
2010-02-24,38.602,9.62
2010-02-25,38.765,9.24
2010-02-26,38.638,9.22
2010-03-01,38.883,9.41
2010-03-02,38.746,9.09
2010-03-03,38.928,9.08
2010-03-04,38.909,9.09
2010-03-05,39.317,8.91
2010-03-08,38.448,8.29
2010-03-09,38.846,8.25
2010-03-10,39.044,8.47
2010-03-11,39.398,8.52
2010-03-12,39.29,8.68
2010-03-15,39.254,8.88
2010-03-16,40.087,8.79
2010-03-17,40.079,8.99
2010-03-18,39.863,9.22
2010-03-19,40.114,9.27
2010-03-22,40.079,9.61
2010-03-23,40.367,9.57
2010-03-24,40.278,9.09
2010-03-25,38.458,9.19
2010-03-26,37.723,8.97
2010-03-29,38.737,9.06
2010-03-30,38.746,9.37
2010-03-31,38.592,8.8
2010-04-01,38.674,8.81
2010-04-05,39.234,9.22
2010-04-06,38.775,9.11
2010-04-07,37.887,9.01
2010-04-08,38.069,8.9
2010-04-09,38.602,8.83
2010-04-12,38.357,8.81
2010-04-13,38.175,8.75
2010-04-14,38.139,9.22
2010-04-15,38.069,9.52
2010-04-16,38.013,9.48
2010-04-19,37.624,9.27
2010-04-20,38.204,9.69
2010-04-21,38.06,9.62
2010-04-22,38.194,9.12
2010-04-23,38.375,9.49
2010-04-26,37.913,9.56
2010-04-27,37.262,9.38
2010-04-28,36.945,9.4
2010-04-29,37.18,9.97
2010-04-30,36.962,9.14
2010-05-03,37.386,9.43
2010-05-04,37.145,9.19
2010-05-05,37.026,9.07
2010-05-06,36.256,8.52
2010-05-07,35.196,8.09
2010-05-10,37.006,9.14
2010-05-11,37.107,8.93
2010-05-12,37.785,9.09
2010-05-13,37.814,9.08
2010-05-14,37.297,8.87
2010-05-17,37.604,9.13
2010-05-18,37.253,8.94
2010-05-19,36.671,8.92
2010-05-20,35.369,8.19
2010-05-21,36.574,8.06
2010-05-24,35.783,8.2
2010-05-25,35.895,8.07
2010-05-26,36.002,8.06
2010-05-27,37.126,8.49
2010-05-28,36.708,8.32
2010-06-01,36.085,8.16
2010-06-02,37.542,8.66
2010-06-03,38.475,8.76
2010-06-04,37.595,8.12
2010-06-07,37.948,7.73
2010-06-08,38.267,7.36
2010-06-09,38.013,7.57
2010-06-10,39.117,7.89
2010-06-11,40.052,7.92
2010-06-14,39.553,7.94
2010-06-15,40.206,7.99
2010-06-16,40.484,7.84
2010-06-17,40.731,7.69
2010-06-18,40.821,7.68
2010-06-21,40.865,7.87
2010-06-22,40.187,7.7
2010-06-23,40.494,7.75
2010-06-24,39.435,7.67
2010-06-25,39.835,8.14
2010-06-28,41.055,7.97
2010-06-29,40.313,7.76
2010-06-30,40.304,7.48
2010-07-01,39.932,7.11
2010-07-02,39.579,6.95
2010-07-06,40.857,6.71
2010-07-07,42.459,7.08
2010-07-08,42.015,7.3
2010-07-09,41.671,7.32
2010-07-12,41.047,7.03
2010-07-13,41.3,7.41
2010-07-14,41.463,7.22
2010-07-15,41.254,7.2
2010-07-16,40.024,6.83
2010-07-19,39.969,6.72
2010-07-20,42.189,6.54
2010-07-21,41.318,6.48
2010-07-22,42.015,6.84
2010-07-23,42.362,7.07
2010-07-26,41.936,7.12
2010-07-27,41.309,7
2010-07-28,41.401,6.74
2010-07-29,41.237,6.49
2010-07-30,41.88,6.02
2010-08-02,42.288,6.01
2010-08-03,42.079,5.89
2010-08-04,42.514,5.85
2010-08-05,42.534,5.78
2010-08-06,42.345,5.63
2010-08-09,42.345,5.8
2010-08-10,42.269,5.74
2010-08-11,40.958,5.34
2010-08-12,41.564,5.15
2010-08-13,41.445,4.91
2010-08-16,41.699,4.69
2010-08-17,42.94,4.92
2010-08-18,43.492,4.9
2010-08-19,43.012,4.58
2010-08-20,42.958,4.44
2010-08-23,42.514,4.4
2010-08-24,41.86,4.19
2010-08-25,42.714,4.34
2010-08-26,42.66,4.55
2010-08-27,42.896,4.86
2010-08-30,42.079,4.62
2010-08-31,42.441,4.43
2010-09-01,42.795,4.65
2010-09-02,43.332,4.6
2010-09-03,43.674,4.84
2010-09-07,43.809,4.64
2010-09-08,44.706,4.68
2010-09-09,44.461,4.68
2010-09-10,44.442,4.78
2010-09-13,44.38,4.99
2010-09-14,44.135,4.85
2010-09-15,44.272,5.06
2010-09-16,43.8,5.16
2010-09-17,44.622,5.17
2010-09-20,45.35,5.46
2010-09-21,45.723,5.18
2010-09-22,45.74,5.2
2010-09-23,45.808,4.93
2010-09-24,46.816,5.11
2010-09-27,46.936,5.06
2010-09-28,47.199,5.11
2010-09-29,46.907,5.05
2010-09-30,46.427,5.14
2010-10-01,46.754,5.14
2010-10-04,46.245,5.06
2010-10-05,46.989,5.31
2010-10-06,45.965,5.08
2010-10-07,45.657,5.18
2010-10-08,45.618,5.41
2010-10-11,45.296,5.27
2010-10-12,45.846,5.11
2010-10-13,45.973,5.24
2010-10-14,46.537,5.14
2010-10-15,46.018,5.23
2010-10-18,45.731,5.39
2010-10-19,45.095,5.25
2010-10-20,45.695,5.25
2010-10-21,45.305,5.21
2010-10-22,45.486,5.13
2010-10-25,46.018,5.29
2010-10-26,46.046,5.15
2010-10-27,45.922,5.34
2010-10-28,46.86,5.41
2010-10-29,46.746,5.28
2010-11-01,46.907,5.11
2010-11-02,46.989,5.05
2010-11-03,47.214,5.09
2010-11-04,47.469,5.21
2010-11-05,47.024,4.79
2010-11-08,47.43,4.83
2010-11-09,47.268,5.06
2010-11-10,48.105,5.35
2010-11-11,48.131,5.32
2010-11-12,47.421,5.27
2010-11-15,46.607,5.37
2010-11-16,45.775,5.4
2010-11-17,46.226,5.32
2010-11-18,46.726,5.4
2010-11-19,47.042,5.85
2010-11-22,46.945,5.87
2010-11-23,46.327,5.67
2010-11-24,47.134,5.78
2010-11-26,46.889,5.68
2010-11-29,46.028,5.7
2010-11-30,45.8,5.6
2010-12-01,46.216,5.59
2010-12-02,46.926,5.46
2010-12-03,46.716,5.35
2010-12-06,46.889,5.31
2010-12-07,46.879,5.5
2010-12-08,46.255,5.64
2010-12-09,46.055,5.78
2010-12-10,45.705,5.81
2010-12-13,45.296,5.93
2010-12-14,45.686,5.9
2010-12-15,45.402,5.75
2010-12-16,45.277,5.9
2010-12-17,44.933,5.9
2010-12-20,46.236,6.15
2010-12-21,45.941,6.31
2010-12-22,45.999,6.37
2010-12-23,45.768,6.31
2010-12-27,46.046,6.29
2010-12-28,46.13,6.2
2010-12-29,46.356,6.16
2010-12-30,46.616,6.21
2010-12-31,46.772,6.14
2011-01-03,46.764,6.3
2011-01-04,46.616,6.05
2011-01-05,45.973,6.19
2011-01-06,45.846,6.34
2011-01-07,45.74,6.41
2011-01-10,45.657,6.32
2011-01-11,45.713,6.39
2011-01-12,45.922,6.53
2011-01-13,45.965,6.53
2011-01-14,45.152,6.62
2011-01-18,44.822,6.76
2011-01-19,44.545,6.51
2011-01-20,45.575,6.34
2011-01-21,45.74,6.17
2011-01-24,46.199,6.24
2011-01-25,46.527,6.2
2011-01-26,47.042,6.37
2011-01-27,47.097,6.26
2011-01-28,46.483,5.85
2011-01-31,46.063,5.8
2011-02-01,46.898,5.96
2011-02-02,47.016,5.91
2011-02-03,47.715,5.96
2011-02-04,48.537,6.16
2011-02-07,48.6,6.09
2011-02-08,49.163,6.21
2011-02-09,49.442,6.45
2011-02-10,49.814,6.82
2011-02-11,51.38,6.71
2011-02-14,50.73,6.89
2011-02-15,50.546,6.7
2011-02-16,50.376,6.99
2011-02-18,49.145,7.53
2011-02-22,47.983,7.25
2011-02-23,46.963,7.22
2011-02-24,47.867,7.28
2011-02-25,48.694,7.53
2011-02-28,48.874,7.47
2011-03-01,47.751,7.27
2011-03-02,47.353,7.16
2011-03-03,48.303,7.47
2011-03-04,48.067,7.54
2011-03-07,48.076,7.09
2011-03-08,47.207,7.24
2011-03-09,47.268,7.56
2011-03-10,45.989,7.39
2011-03-11,46.018,7.4
2011-03-14,45.486,7.13
2011-03-15,45.305,7.21
2011-03-16,45.686,7.1
2011-03-17,46.226,7.1
2011-03-18,45.846,7.46
2011-03-21,42.215,7.38
2011-03-22,44.126,7.48
2011-03-23,44.804,7.56
2011-03-24,44.442,8.02
2011-03-25,44.962,8.21
2011-03-28,45.286,8.16
2011-03-29,45.749,8.26
2011-03-30,46.86,8.36
2011-03-31,46.936,8.66
2011-04-01,47.397,8.53
2011-04-04,47.068,8.54
2011-04-05,45.958,8.53
2011-04-06,46.103,8.63
2011-04-07,45.982,8.55
2011-04-08,45.541,8.46
2011-04-11,45.402,8.3
2011-04-12,44.953,8.19
2011-04-13,45.608,7.98
2011-04-14,45.449,7.93
2011-04-15,45.808,7.97
2011-04-18,44.888,7.82
2011-04-19,44.851,7.88
2011-04-20,46.236,8.1
2011-04-21,46.473,8.16
2011-04-25,46.236,8.18
2011-04-26,46.907,8.35
2011-04-27,47.887,8.42
2011-04-28,47.44,8.48
2011-04-29,47.378,8.63
2011-05-02,46.68,8.63
2011-05-03,47.57,8.51
2011-05-04,46.86,8.49
2011-05-05,47.966,8.51
2011-05-06,47.469,8.7
2011-05-09,48.067,8.94
2011-05-10,48.627,8.91
2011-05-11,48.474,8.81
2011-05-12,48.285,8.89
2011-05-13,47.95,8.7
2011-05-16,47.551,8.28
2011-05-17,47.277,8.35
2011-05-18,47.241,8.44
2011-05-19,47.171,8.4
2011-05-20,48.58,8.36
2011-05-23,48.14,7.96
2011-05-24,49.033,8.16
2011-05-25,49.181,8.35
2011-05-26,50.013,8.49
2011-05-27,49.732,8.56
2011-05-31,50.248,8.65
2011-06-01,49.023,8.51
2011-06-02,49.252,8.63
2011-06-03,46.382,8.47
2011-06-06,46.889,8.41
2011-06-07,46.453,8.44
2011-06-08,45.421,8.33
2011-06-09,45.152,8.32
2011-06-10,45.286,8.23
2011-06-13,45.368,8.06
2011-06-14,45.931,8.43
2011-06-15,45.941,8.32
2011-06-16,45.394,8.43
2011-06-17,45.467,8.33
2011-06-20,45.904,8.34
2011-06-21,46.898,8.49
2011-06-22,47.042,8.26
2011-06-23,47.542,8.33
2011-06-24,46.869,8.06
2011-06-27,46.971,8.31
2011-06-28,47.097,8.49
2011-06-29,47.343,8.35
2011-06-30,47.397,8.32
2011-07-01,49.163,8.44
2011-07-05,48.537,8.51
2011-07-06,48.675,8.51
2011-07-07,48.617,8.66
2011-07-08,48.438,8.38
2011-07-11,48.057,8.21
2011-07-12,47.924,8.15
2011-07-13,48.114,8.33
2011-07-14,47.388,8.08
2011-07-15,48.21,8.11
2011-07-18,47.296,8.07
2011-07-19,47.924,8.28
2011-07-20,47.57,8.21
2011-07-21,48.067,8.52
2011-07-22,48.294,8.71
2011-07-25,47.776,8.64
2011-07-26,47.768,8.53
2011-07-27,46.391,8.38
2011-07-28,47.639,8.11
2011-07-29,47.577,8.06
2011-08-01,47.551,7.98
2011-08-02,45.74,7.71
2011-08-03,48.61,7.66
2011-08-04,46.199,7.27
2011-08-05,45.268,6.39
2011-08-08,41.981,5.37
2011-08-09,44.563,5.98
2011-08-10,42.906,5.49
2011-08-11,44.699,5.49
2011-08-12,45.467,5.54
2011-08-15,46.626,5.58
2011-08-16,46.216,5.52
2011-08-17,46.055,5.53
2011-08-18,43.791,5.21
2011-08-19,44.224,4.98
2011-08-22,44.301,4.95
2011-08-23,45.973,5.24
2011-08-24,46.644,5.3
2011-08-25,45.749,4.99
2011-08-26,46.971,5.2
2011-08-29,47.315,5.5
2011-08-30,48.183,5.56
2011-08-31,48.78,5.51
2011-09-01,49.145,5.28
2011-09-02,48.131,4.79
2011-09-06,48.047,4.63
2011-09-07,48.456,5.02
2011-09-08,48.372,4.72
2011-09-09,47.44,4.64
2011-09-12,47.37,4.69
2011-09-13,47.916,4.91
2011-09-14,49.053,4.92
2011-09-15,49.689,5.02
2011-09-16,49.724,5.02
2011-09-19,50.004,4.61
2011-09-20,49.948,4.56
2011-09-21,49,4.2
2011-09-22,47.37,4.1
2011-09-23,47.362,4.18
2011-09-26,48.456,4.16
2011-09-27,49.435,4.31
2011-09-28,48.874,4
2011-09-29,48.537,4.1
2011-09-30,48.726,4.01
2011-10-03,47.877,3.66
2011-10-04,48.919,4.13
2011-10-05,49.87,4.06
2011-10-06,50.348,4.11
2011-10-07,49.748,3.98
2011-10-10,50.648,4.11
2011-10-11,50.059,4.15
2011-10-12,50.203,4.16
2011-10-13,49.948,4.06
2011-10-14,50.566,4.29
2011-10-17,49.879,4.1
2011-10-18,50.421,4.33
2011-10-19,49.805,4.15
2011-10-20,49.86,4.14
2011-10-21,51.028,4.29
2011-10-24,51.844,4.53
2011-10-25,50.675,4.28
2011-10-26,50.386,4.58
2011-10-27,51.436,5.15
2011-10-28,51.009,5.15
2011-10-31,49.909,4.74
2011-11-01,51.553,4.53
2011-11-02,51.353,4.83
2011-11-03,52.007,5.16
2011-11-04,52.459,4.89
2011-11-07,52.829,4.97
2011-11-08,52.857,5.1
2011-11-09,51.79,4.68
2011-11-10,51.291,5.02
2011-11-11,52.696,5.01
2011-11-14,51.951,4.86
2011-11-15,52.904,5
2011-11-16,51.78,4.8
2011-11-17,51.563,4.84
2011-11-18,51.409,4.71
2011-11-21,50.63,4.61
2011-11-22,50.721,4.4
2011-11-23,50.194,4.14
2011-11-25,50.467,4
2011-11-28,51.218,4.26
2011-11-29,52.295,4.18
2011-11-30,53.433,4.59
2011-12-01,53.075,4.37
2011-12-02,53.509,4.52
2011-12-05,53.555,4.57
2011-12-06,53.656,4.56
2011-12-07,53.708,4.5
2011-12-08,52.368,4.2
2011-12-09,53.066,4.46
2011-12-12,52.668,4.49
2011-12-13,52.65,4.32
2011-12-14,52.522,4.4
2011-12-15,53.256,4.45
2011-12-16,53.565,4.57
2011-12-19,51.79,4.36
2011-12-20,54.162,4.59
2011-12-21,53.79,4.56
2011-12-22,54.336,4.6
2011-12-23,54.741,4.53
2011-12-27,54.977,4.54
2011-12-28,54.406,4.44
2011-12-29,54.879,4.56
2011-12-30,54.353,4.43
2012-01-03,53.264,4.21
2012-01-04,54.032,4.13
2012-01-05,54.661,4.14
2012-01-06,54.569,3.98
2012-01-09,54.723,3.94
2012-01-10,55.528,4.04
2012-01-11,56.382,4.09
2012-01-12,56.561,4.14
2012-01-13,56.444,4
2012-01-17,56,4.01
2012-01-18,56.535,4.07
2012-01-19,56.337,4.13
2012-01-20,55.709,4.28
2012-01-23,55.982,4.69
2012-01-24,56.58,4.78
2012-01-25,57.034,4.87
2012-01-26,56.29,4.94
2012-01-27,57.07,4.82
2012-01-30,56.933,4.76
2012-01-31,57.521,5.09
2012-02-01,57.378,5.38
2012-02-02,57.267,5.41
2012-02-03,57.397,5.65
2012-02-06,57.177,5.55
2012-02-07,57.397,5.46
2012-02-08,57.83,5.52
2012-02-09,57.776,5.57
2012-02-10,57.323,5.42
2012-02-13,57.974,5.54
2012-02-14,58.312,5.45
2012-02-15,57.559,5.43
2012-02-16,56.663,5.75
2012-02-17,56.608,5.81
2012-02-21,57.052,5.63
2012-02-22,57.295,5.49
2012-02-23,57.887,5.65
2012-02-24,58.113,5.55
2012-02-27,57.151,5.54
2012-02-28,56.398,5.5
2012-02-29,56.684,5.34
2012-03-01,57.097,5.4
2012-03-02,56.687,5.15
2012-03-05,56.958,5.14
2012-03-06,56.313,4.97
2012-03-07,56.313,4.95
2012-03-08,56.551,5.1
2012-03-09,56.355,5.16
2012-03-12,56.157,5
2012-03-13,56.064,5.14
2012-03-14,57.025,5.37
2012-03-15,57.214,5.58
2012-03-16,57.369,5.53
2012-03-19,57.83,5.6
2012-03-20,56.996,5.47
2012-03-21,56.552,5.7
2012-03-22,56.138,5.68
2012-03-23,55.932,5.92
2012-03-26,56.398,6.08
2012-03-27,56.244,6.12
2012-03-28,56.39,6.11
2012-03-29,56.499,6.2
2012-03-30,57.078,6.06
2012-04-02,57.976,6.43
2012-04-03,57.277,6.45
2012-04-04,56.74,6.27
2012-04-05,57.431,6.18
2012-04-09,56.614,5.87
2012-04-10,55.995,5.71
2012-04-11,57.331,5.87
2012-04-12,57.985,5.98
2012-04-13,57.397,5.84
2012-04-16,57.903,6.11
2012-04-17,58.486,6.04
2012-04-18,58.25,6.06
2012-04-19,58.022,5.97
2012-04-20,58.156,6.28
2012-04-23,57.368,6.17
2012-04-24,57.729,6.29
2012-04-25,58.831,6.44
2012-04-26,58.939,6.44
2012-04-27,59.158,6.77
2012-04-30,59.594,6.71
2012-05-01,59.457,6.4
2012-05-02,59.902,6.29
2012-05-03,60.931,6.07
2012-05-04,60.375,6.86
2012-05-07,61.113,7.25
2012-05-08,61.567,7.17
2012-05-09,60.884,7.1
2012-05-10,61.377,6.99
2012-05-11,61.447,6.75
2012-05-14,61.067,6.54
2012-05-15,61.586,6.52
2012-05-16,60.721,6.34
2012-05-17,58.884,6.22
2012-05-18,58.541,5.92
2012-05-21,59.531,5.89
2012-05-22,59.13,5.69
2012-05-23,59.23,5.81
2012-05-24,59.839,6
2012-05-25,59.75,5.93
2012-05-29,60.258,6.21
2012-05-30,59.239,6.05
2012-05-31,58.958,6
2012-06-01,57.387,5.64
2012-06-04,57.331,5.66
2012-06-05,58.242,5.71
2012-06-06,59.783,6
2012-06-07,59.374,5.92
2012-06-08,60.248,6.05
2012-06-11,59.649,5.62
2012-06-12,60.33,5.89
2012-06-13,60.175,5.88
2012-06-14,61.067,6
2012-06-15,61.58,6.14
2012-06-18,62.358,6.06
2012-06-19,62.693,6.17
2012-06-20,62.22,5.94
2012-06-21,61.005,5.6
2012-06-22,61.667,5.73
2012-06-25,61.214,5.8
2012-06-26,62.288,5.55
2012-06-27,63.274,5.83
2012-06-28,63.521,5.87
2012-06-29,63.731,5.93
2012-07-02,65.179,6.08
2012-07-03,65.118,6.34
2012-07-05,64.925,6.26
2012-07-06,64.534,6.27
2012-07-09,65.471,6.28
2012-07-10,63.721,6.31
2012-07-11,63.996,6.2
2012-07-12,64.805,6.25
2012-07-13,65.772,6.29
2012-07-16,65.889,6.37
2012-07-17,66.575,6.34
2012-07-18,63.902,6.19
2012-07-19,64.285,6.06
2012-07-20,64.649,6.22
2012-07-23,63.759,6.01
2012-07-24,63.028,6
2012-07-25,63.137,5.9
2012-07-26,64.754,5.9
2012-07-27,65.937,6.16
2012-07-30,65.738,6.03
2012-07-31,65.919,5.84
2012-08-01,65.234,5.73
2012-08-02,65.808,5.6
2012-08-03,66.609,6
2012-08-06,66.091,6.01
2012-08-07,64.285,6.04
2012-08-08,63.848,6.34
2012-08-09,64.065,6.44
2012-08-10,64.275,6.55
2012-08-13,64.915,6.93
2012-08-14,65.07,7
2012-08-15,64.907,7.39
2012-08-16,64.774,7.48
2012-08-17,64.925,7.75
2012-08-20,65.004,7.66
2012-08-21,63.97,7.59
2012-08-22,63.693,7.54
2012-08-23,63.092,7.52
2012-08-24,63.303,7.72
2012-08-27,63.357,7.87
2012-08-28,63.348,7.87
2012-08-29,63.586,8.28
2012-08-30,63.922,8.12
2012-08-31,64.181,8.4
2012-09-04,64.524,8.31
2012-09-05,64.668,9.2
2012-09-06,65.308,9.13
2012-09-07,65.564,9.1
2012-09-10,65.089,9.05
2012-09-11,65.396,9.5
2012-09-12,65.591,9.39
2012-09-13,66.357,9.83
2012-09-14,65.051,9.76
2012-09-17,64.897,8.68
2012-09-18,64.823,8.9
2012-09-19,64.414,8.93
2012-09-20,64.534,8.88
2012-09-21,64.189,8.73
2012-09-24,64.631,8.99
2012-09-25,63.893,9
2012-09-26,64.466,9.26
2012-09-27,64.989,9.79
2012-09-28,65.294,10.06
2012-10-01,64.997,10.2
2012-10-02,65.541,10.23
2012-10-03,66.451,10.24
2012-10-04,65.777,10
2012-10-05,66.6,9.96
2012-10-08,66.317,9.81
2012-10-09,65.522,9.74
2012-10-10,66.354,9.75
2012-10-11,65.551,9.83
2012-10-12,66.005,9.6
2012-10-15,68.913,9.52
2012-10-16,68.373,9.98
2012-10-17,68.402,10.43
2012-10-18,69.04,10.53
2012-10-19,67.532,9.77
2012-10-22,67.277,9.76
2012-10-23,67.156,9.7
2012-10-24,67.222,9.85
2012-10-25,67.056,9.93
2012-10-26,67.102,9.74
2012-10-31,68.858,9.92
2012-11-01,68.209,10.21
2012-11-02,68.11,10.14
2012-11-05,67.669,10.37
2012-11-06,67.469,10.55
2012-11-07,68.812,9.84
2012-11-08,68.118,9.87
2012-11-09,68.446,10.35
2012-11-12,68.357,10.5
2012-11-13,67.888,10.65
2012-11-14,67.166,10.56
2012-11-15,66.17,10.54
2012-11-16,67.55,10.4
2012-11-19,67.414,10.36
2012-11-20,67.451,10.56
2012-11-21,67.791,10.85
2012-11-23,68.575,10.78
2012-11-26,68.001,10.82
2012-11-27,67.861,10.86
2012-11-28,67.87,10.95
2012-11-29,68.503,11.21
2012-11-30,68.531,10.93
2012-12-03,68.484,11.16
2012-12-04,68.436,11.43
2012-12-05,68.237,11.34
2012-12-06,68.575,11.29
2012-12-07,69.007,11.1
2012-12-10,68.704,11
2012-12-11,68.786,11.26
2012-12-12,69.681,11.22
2012-12-13,69.592,11.2
2012-12-14,70.12,11.25
2012-12-17,70.331,11.8
2012-12-18,70.24,11.76
2012-12-19,69.626,11.87
2012-12-20,70.66,11.71
2012-12-21,70.214,11.27
2012-12-24,70.423,11.42
2012-12-26,69.775,11.53
2012-12-27,69.775,11.39
2012-12-28,69.409,11.38
2012-12-31,70.669,11.55
2013-01-02,72.296,12.05
2013-01-03,70.531,12.11
2013-01-04,70.468,12.46
2013-01-07,70.387,12.12
2013-01-08,70.669,12.23
2013-01-09,71.09,12.04
2013-01-10,71.949,12.01
2013-01-11,72.051,12.13
2013-01-14,71.977,12.19
2013-01-15,72.544,12.06
2013-01-16,71.977,12.04
2013-01-17,72.132,12.22
2013-01-18,72.574,12.15
2013-01-22,72.479,12.24
2013-01-23,72.225,12.4
2013-01-24,72.83,12.37
2013-01-25,73.075,12.35
2013-01-28,72.142,12.34
2013-01-29,71.904,12.4
2013-01-30,70.378,11.98
2013-01-31,69.645,12.15
2013-02-01,70.101,12.31
2013-02-04,69.928,12.26
2013-02-05,70.177,12.39
2013-02-06,69.461,12.08
2013-02-07,69.409,11.71
2013-02-08,70.476,11.08
2013-02-11,69.856,11.31
2013-02-12,69.132,11.48
2013-02-13,67.678,12.69
2013-02-14,67.204,12.43
2013-02-15,68.759,12.76
2013-02-19,68.245,12.84
2013-02-20,67.632,12.4
2013-02-21,67.479,12.94
2013-02-22,68.155,12.53
2013-02-25,67.368,12.75
2013-02-26,69.059,13.9
2013-02-27,70.79,13.74
2013-02-28,70.973,14.1
2013-03-01,71.456,14.23
2013-03-04,72.123,14.29
2013-03-05,71.93,14.54
2013-03-06,70.878,14.65
2013-03-07,70.936,14.64
2013-03-08,70.55,14.83
2013-03-11,70.331,15.08
2013-03-12,69.534,14.83
2013-03-13,69.616,15.22
2013-03-14,69.881,15.55
2013-03-15,69.106,15.08
2013-03-18,68.638,15.13
2013-03-19,68.165,15.16
2013-03-20,68.885,15.61
2013-03-21,69.775,15.38
2013-03-22,70.177,15.39
2013-03-25,69.747,15.75
2013-03-26,69.409,15.71
2013-03-27,70.293,15.76
2013-03-28,70.35,15.83
2013-04-01,71.108,15.63
2013-04-02,72.006,15.63
2013-04-03,71.357,14.9
2013-04-04,71.867,14.79
2013-04-05,71.174,14.42
2013-04-08,72.492,14.59
2013-04-09,72.761,14.18
2013-04-10,73.291,14.44
2013-04-11,73.704,14.67
2013-04-12,74.027,14.77
2013-04-15,72.888,13.65
2013-04-16,73.953,13.92
2013-04-17,73.21,13.72
2013-04-18,73.467,13.44
2013-04-19,74.375,13.77
2013-04-22,74.348,13.31
2013-04-23,75.157,13.58
2013-04-24,74.33,13.51
2013-04-25,76.937,13.8
2013-04-26,76.137,13.48
2013-04-29,76.201,13.61
2013-04-30,77.073,13.73
2013-05-01,77.018,13.1
2013-05-02,76.945,12.76
2013-05-03,76.677,13.95
2013-05-06,76.239,13.69
2013-05-07,76.668,13.92
2013-05-08,77.661,13.76
2013-05-09,76.677,13.78
2013-05-10,76.256,14.05
2013-05-13,76.128,13.9
2013-05-14,76.835,14.33
2013-05-15,77.384,14.13
2013-05-16,76.358,13.98
2013-05-17,77.496,14.22
2013-05-20,77.01,13.92
2013-05-21,77.671,13.62
2013-05-22,75.403,13.22
2013-05-23,74.861,13.55
2013-05-24,74.991,13.43
2013-05-28,74.789,14.14
2013-05-29,72.895,13.75
2013-05-30,72.282,13.58
2013-05-31,71.428,13.39
2013-06-03,71.044,13.17
2013-06-04,70.318,13.66
2013-06-05,69.62,13.91
2013-06-06,72.018,14.32
2013-06-07,72.282,14.93
2013-06-10,70.155,14.92
2013-06-11,69.578,14.73
2013-06-12,68.454,14.53
2013-06-13,70.437,14.8
2013-06-14,71.22,14.34
2013-06-17,70.842,13.91
2013-06-18,71.183,14.51
2013-06-19,68.557,14.05
2013-06-20,64.873,13.99
2013-06-21,66.303,14.4
2013-06-24,65.472,14.06
2013-06-25,67.139,14.23
2013-06-26,67.998,14.08
2013-06-27,68.365,14.32
2013-06-28,67.389,14.32
2013-07-01,66.32,15.12
2013-07-02,66.466,15.1
2013-07-03,66.659,15
2013-07-05,66.006,15.33
2013-07-08,66.358,15.4
2013-07-09,67.102,15.4
2013-07-10,69.755,15.44
2013-07-11,71.128,15.41
2013-07-12,71.689,15.41
2013-07-15,70.142,15.48
2013-07-16,68.806,15.41
2013-07-17,68.032,15.49
2013-07-18,68.557,15.58
2013-07-19,69.195,15.42
2013-07-22,68.446,15.37
2013-07-23,68.842,14.94
2013-07-24,68.097,14.89
2013-07-25,66.598,14.96
2013-07-26,66.844,15.16
2013-07-29,66.697,14.85
2013-07-30,66.928,14.71
2013-07-31,65.194,14.78
2013-08-01,65.646,14.99
2013-08-02,64.93,14.57
2013-08-05,65.335,15.9
2013-08-06,64.717,16
2013-08-07,63.63,15.68
2013-08-08,63.539,15.57
2013-08-09,64.615,15.48
2013-08-12,64.158,15.46
2013-08-13,63.805,15.45
2013-08-14,64.194,15.25
2013-08-15,63.99,14.47
2013-08-16,63.162,14.72
2013-08-19,62.959,14.44
2013-08-20,63.896,14.75
2013-08-21,63.577,14.74
2013-08-22,63.437,14.7
2013-08-23,64.525,14.37
2013-08-26,64.413,14.36
2013-08-27,64.525,13.92
2013-08-28,63.63,13.91
2013-08-29,64.187,14.07
2013-08-30,63.999,13.6
2013-09-03,63.757,13.77
2013-09-04,63.767,13.88
2013-09-05,63.322,13.93
2013-09-06,66.223,13.78
2013-09-09,68.393,14
2013-09-10,68.682,13.98
2013-09-11,69.092,13.78
2013-09-12,68.262,13.7
2013-09-13,67.886,14.1
2013-09-16,68.402,13.96
2013-09-17,68.081,14.22
2013-09-18,69.765,14.05
2013-09-19,69.163,14.01
2013-09-20,68.333,13.98
2013-09-23,67.444,14.26
2013-09-24,67.341,14.13
2013-09-25,68.193,13.98
2013-09-26,68.99,14.2
2013-09-27,68.885,14.05
2013-09-30,68.527,13.76
2013-10-01,68.459,13.52
2013-10-02,68.397,13.69
2013-10-03,67.877,13.64
2013-10-04,67.196,13.4
2013-10-07,67.509,12.15
2013-10-08,66.453,12.84
2013-10-09,66.204,12.75
2013-10-10,68.025,12.76
2013-10-11,68.812,12.83
2013-10-14,69,13.62
2013-10-15,69.079,13.47
2013-10-16,71.289,13.59
2013-10-17,73.343,13.64
2013-10-18,73.037,13.85
2013-10-21,73.498,13.51
2013-10-22,74.072,13.44
2013-10-23,73.028,13.13
2013-10-24,74.301,12.89
2013-10-25,74.709,12.49
2013-10-28,74.23,12.73
2013-10-29,74.22,12.78
2013-10-30,74.59,12.54
2013-10-31,73.351,12.4
2013-11-01,73.37,13.85
2013-11-04,73.028,14.06
2013-11-05,72.658,13.84
2013-11-06,73.518,13.72
2013-11-07,72.816,13.48
2013-11-08,71.909,13.51
2013-11-11,71.595,13.51
2013-11-12,72.065,13.22
2013-11-13,72.262,13.26
2013-11-14,73.119,13.24
2013-11-15,73.285,13.31
2013-11-18,72.629,13.46
2013-11-19,72.196,13.34
2013-11-20,72.224,13.32
2013-11-21,71.724,13.87
2013-11-22,71.438,13.89
2013-11-25,71.179,13.95
2013-11-26,72.129,13.8
2013-11-27,72.446,13.9
2013-11-29,71.891,13.88
2013-12-02,72.296,13.4
2013-12-03,71.835,13.43
2013-12-04,71.577,13.43
2013-12-05,71.871,13.24
2013-12-06,72.177,13.44
2013-12-09,72.878,13.24
2013-12-10,73.221,13.49
2013-12-11,71.925,13.4
2013-12-12,71.159,13.69
2013-12-13,71.222,13.66
2013-12-16,70.602,13.96
2013-12-17,70.877,13.8
2013-12-18,72.579,13.7
2013-12-19,72.474,13.6
2013-12-20,72.325,14.49
2013-12-23,72.763,14.63
2013-12-24,73.031,14.62
2013-12-26,73.152,14.73
2013-12-27,73.133,14.8
2013-12-30,74.043,14.62
2013-12-31,74.062,14.7
2014-01-02,73.718,14.34
2014-01-03,73.931,14.67
2014-01-06,74.406,14.47
2014-01-07,75.435,14.53
2014-01-08,76.03,14.31
2014-01-09,76.175,14.41
2014-01-10,76.676,14.43
2014-01-13,76.214,14.6
2014-01-14,76.696,14.99
2014-01-15,77.253,14.97
2014-01-16,77.262,14.87
2014-01-17,77.151,14.97
2014-01-21,77.596,15.02
2014-01-22,77.402,15.05
2014-01-23,77.272,15.26
2014-01-24,73.875,15.07
2014-01-27,73.534,15.25
2014-01-28,74.748,15.11
2014-01-29,73.82,15.02
2014-01-30,75.323,15.08
2014-01-31,75.045,15.11
2014-02-03,73.142,14.99
2014-02-04,73.43,15.21
2014-02-05,73.31,14.62
2014-02-06,74.006,14.67
2014-02-07,74.583,14.62
2014-02-10,75.64,14.41
2014-02-11,76.011,14.33
2014-02-12,75.889,14.4
2014-02-13,76.54,14.41
2014-02-14,77.198,14.26
2014-02-18,77.504,14.11
2014-02-19,77.709,13.89
2014-02-20,78.414,13.7
2014-02-21,77.986,14.5
2014-02-24,76.994,13.89
2014-02-25,74.377,13.71
2014-02-26,74.999,13.78
2014-02-27,75.583,13.81
2014-02-28,75.592,13.93
2014-03-03,75.583,13.94
2014-03-04,75.658,14.53
2014-03-05,74.971,14.27
2014-03-06,76.011,14.21
2014-03-07,75.443,14.47
2014-03-10,75.323,14.51
2014-03-11,75.806,14.19
2014-03-12,75.008,14.22
2014-03-13,74.554,13.57
2014-03-14,74.591,13.77
2014-03-17,75.843,14.12
2014-03-18,75.899,14.35
2014-03-19,74.859,14.15
2014-03-20,75.369,14.26
2014-03-21,75.22,14.02
2014-03-24,75.064,13.9
2014-03-25,75.815,13.86
2014-03-26,74.98,13.76
2014-03-27,74.849,13.71
2014-03-28,76.205,13.69
2014-03-31,75.962,13.74
2014-04-01,75.722,14.21
2014-04-02,75.407,14.24
2014-04-03,75.388,14.21
2014-04-04,74.905,13.7
2014-04-07,74.849,13.48
2014-04-08,75.92,13.4
2014-04-09,76.266,13.47
2014-04-10,75.967,13.06
2014-04-11,75.037,12.78
2014-04-14,75.744,12.74
2014-04-15,76.088,12.77
2014-04-16,76.742,12.49
2014-04-17,76.993,12.81
2014-04-21,77.402,12.91
2014-04-22,78.185,12.79
2014-04-23,78.279,12.84
2014-04-24,77.841,12.76
2014-04-25,77.393,12.75
2014-04-28,77.745,12.62
2014-04-29,77.32,12.57
2014-04-30,77.804,12.48
2014-05-01,80.328,12.6
2014-05-02,81.046,11.25
2014-05-05,82.348,10.99
2014-05-06,81.231,10.8
2014-05-07,82.304,10.6
2014-05-08,82.209,10.53
2014-05-09,82.581,10.71
2014-05-12,82.266,10.9
2014-05-13,82.472,10.84
2014-05-14,82.685,10.9
2014-05-15,82.589,10.9
2014-05-16,82.778,11
2014-05-19,81.827,11.02
2014-05-20,82.005,11
2014-05-21,82.33,11.13
2014-05-22,82.404,11.43
2014-05-23,82.357,11.46
2014-05-27,82.908,11.66
2014-05-28,83.084,11.45
2014-05-29,83.263,11.27
2014-05-30,83.496,11.2
2014-06-02,82.339,11.18
2014-06-03,82.647,11.17
2014-06-04,82.916,11.18
2014-06-05,83.587,11.94
2014-06-06,84.231,11.99
2014-06-09,83.523,12.1
2014-06-10,83.207,11.67
2014-06-11,82.693,11.43
2014-06-12,82.518,11.38
2014-06-13,82.704,11.23
2014-06-16,82.228,11.25
2014-06-17,82.509,11.45
2014-06-18,82.358,11.37
2014-06-19,82.995,11.6
2014-06-20,83.322,11.62
2014-06-23,83.313,11.62
2014-06-24,83.463,11.8
2014-06-25,83.491,12.02
2014-06-26,82.882,12.05
2014-06-27,83.247,12.36
2014-06-30,84.144,12.3
2014-07-01,83.892,12.65
2014-07-02,83.92,12.44
2014-07-03,84.173,12.5
2014-07-07,84.847,12.49
2014-07-08,84.499,12.42
2014-07-09,84.978,12.38
2014-07-10,85.484,12.27
2014-07-11,85.697,12.54
2014-07-14,86.007,12.81
2014-07-15,85.689,12.58
2014-07-16,86.082,12.7
2014-07-17,84.95,12.53
2014-07-18,86.475,12.73
2014-07-21,85.903,12.68
2014-07-22,86.857,12.93
2014-07-23,86.932,12.87
2014-07-24,86.38,12.71
2014-07-25,86.24,12.98
2014-07-28,86.408,13.33
2014-07-29,86.36,13.52
2014-07-30,90.01,13.59
2014-07-31,88.27,13.1
2014-08-01,88.233,13.89
2014-08-04,89.362,13.85
2014-08-05,88.643,13.9
2014-08-06,89.448,13.95
2014-08-07,90.934,13.92
2014-08-08,91.747,13.95
2014-08-11,91.672,14.11
2014-08-12,90.44,13.94
2014-08-13,90.906,14.12
2014-08-14,91.227,14.1
2014-08-15,91.84,14.2
2014-08-18,93.309,14.33
2014-08-19,92.638,14.59
2014-08-20,92.262,14.76
2014-08-21,92.514,15.01
2014-08-22,91.767,15.05
2014-08-25,92.486,15.02
2014-08-26,92.207,15.3
2014-08-27,92.393,15.77
2014-08-28,92.374,15.28
2014-08-29,92.207,15.12
2014-09-02,92.374,15.47
2014-09-03,91.747,15.32
2014-09-04,92.207,15.18
2014-09-05,93.169,15.11
2014-09-08,92.915,15.67
2014-09-09,92.17,15.46
2014-09-10,91.149,15.5
2014-09-11,91.484,16.12
2014-09-12,89.785,15.96
2014-09-15,88.97,16.04
2014-09-16,89.28,16.03
2014-09-17,89.432,15.9
2014-09-18,89.664,16.21
2014-09-19,89.322,15.46
2014-09-22,88.525,15.38
2014-09-23,88.169,14.96
2014-09-24,88.415,15.29
2014-09-25,87.411,15.2
2014-09-26,87.718,15.6
2014-09-29,87.814,15.5
2014-09-30,87.89,15.7
2014-10-01,87.718,15.33
2014-10-02,87.757,15.48
2014-10-03,88.122,15.88
2014-10-06,88.122,15.92
2014-10-07,87.634,15.38
2014-10-08,89.485,15.61
2014-10-09,88.939,15.82
2014-10-10,88.902,15.28
2014-10-13,87.333,15.51
2014-10-14,87.627,15.93
2014-10-15,86.339,15.99
2014-10-16,86.791,16.28
2014-10-17,87.457,16.47
2014-10-20,88.319,16.78
2014-10-21,89.736,16.88
2014-10-22,89.116,16.62
2014-10-23,89.992,16.72
2014-10-24,90.271,16.7
2014-10-27,90.255,16.36
2014-10-28,90.488,16.88
2014-10-29,89.223,16.92
2014-10-30,92.837,17.17
2014-10-31,91.519,17.15
2014-11-03,90.919,17.05
2014-11-04,90.939,17.31
2014-11-05,91.661,16.8
2014-11-06,93.446,17.02
2014-11-07,93.37,16.8
2014-11-10,93.211,16.73
2014-11-11,93.4,16.61
2014-11-12,93.625,16.62
2014-11-13,93.821,16.21
2014-11-14,93.429,16.07
2014-11-17,93.438,15.79
2014-11-18,94.486,16.26
2014-11-19,94.63,16.3
2014-11-20,94.531,16.68
2014-11-21,95.843,16.75
2014-11-24,96.185,17.09
2014-11-25,97.775,17.08
2014-11-26,98.274,17.27
2014-11-28,98.57,17.12
2014-12-01,97.145,16.85
2014-12-02,95.718,17.03
2014-12-03,95.438,17.22
2014-12-04,95.37,17.49
2014-12-05,94.38,17.87
2014-12-08,94.588,18.06
2014-12-09,94.598,18.47
2014-12-10,94.028,18.01
2014-12-11,93.821,18.08
2014-12-12,92.888,17.79
2014-12-15,91.824,17.74
2014-12-16,90.252,17.71
2014-12-17,91.53,18.09
2014-12-18,92.888,19.1
2014-12-19,93.784,19.87
2014-12-22,94.867,20.08
2014-12-23,94.839,19.75
2014-12-24,94.931,19.89
2014-12-26,94.829,19.91
2014-12-29,94.82,19.9
2014-12-30,94.541,19.84
2014-12-31,93.141,19.6
2015-01-02,93.915,19.23
2015-01-05,92.557,18.93
2015-01-06,92.312,18.43
2015-01-07,93.283,18.66
2015-01-08,94.151,18.53
2015-01-09,93.669,18.47
2015-01-12,93.265,18.52
2015-01-13,92.229,18.2
2015-01-14,91.644,18.76
2015-01-15,90.719,18.65
2015-01-16,91.797,18.83
2015-01-20,91.52,18.96
2015-01-21,91.164,19.01
2015-01-22,93.122,19.62
2015-01-23,93.848,19.61
2015-01-26,95.891,19.59
2015-01-27,94.588,19.31
2015-01-28,93.17,18.92
2015-01-29,92.735,18.89
2015-01-30,91.352,18.82
2015-02-02,92.2,19.07
2015-02-03,93.368,19.4
2015-02-04,92.2,19.54
2015-02-05,93.839,19.96
2015-02-06,90.204,20.01
2015-02-09,91.115,20.21
2015-02-10,90.807,20.41
2015-02-11,90.421,20.6
2015-02-12,90.431,20.9
2015-02-13,90.836,20.56
2015-02-17,90.663,21
2015-02-18,90.647,20.64
2015-02-19,89.759,20.17
2015-02-20,90.955,22.51
2015-02-23,91.709,22.94
2015-02-24,89.185,22.39
2015-02-25,92.2,22.58
2015-02-26,93.17,22.84
2015-02-27,93.417,22.56
2015-03-02,93.659,22.53
2015-03-03,92.606,22.22
2015-03-04,92.87,21.87
2015-03-05,93.51,21.15
2015-03-06,91.034,20.93
2015-03-09,91.004,21.09
2015-03-10,89.108,21.1
2015-03-11,89.165,21.29
2015-03-12,90.71,21.77
2015-03-13,88.798,21.41
2015-03-16,89.146,21.41
2015-03-17,88.687,21.29
2015-03-18,89.996,21.83
2015-03-19,89.127,22.2
2015-03-20,92.048,22.15
2015-03-23,92.004,22.07
2015-03-24,91.55,23.2
2015-03-25,89.957,22.84
2015-03-26,89.701,23.62
2015-03-27,90.494,23.39
2015-03-30,90.609,23.48
2015-03-31,88.712,23.07
2015-04-01,90.89,23.14
2015-04-02,91.192,23.4
2015-04-06,92.379,23.22
2015-04-07,91.276,23.99
2015-04-08,91.352,24.12
2015-04-09,90.228,24.07
2015-04-10,89.971,23.84
2015-04-13,89.695,23.76
2015-04-14,89.434,23.65
2015-04-15,90.065,23.71
2015-04-16,91.57,23.7
2015-04-17,90.944,23.28
2015-04-20,90.699,24.12
2015-04-21,89.884,24.32
2015-04-22,90.775,24.03
2015-04-23,90.888,24.19
2015-04-24,90.209,24.28
2015-04-27,90.083,23.81
2015-04-28,90.626,23.95
2015-04-29,88.496,23.84
2015-04-30,89.461,22.81
2015-05-01,88.467,22.85
2015-05-04,89.563,23.16
2015-05-05,88.012,22.88
2015-05-06,87.88,22.84
2015-05-07,88.609,24.7
2015-05-08,89.859,25.02
2015-05-11,88.628,25.62
2015-05-12,88.579,25.3
2015-05-13,87.954,25.33
2015-05-14,89.722,25.6
2015-05-15,90.388,25.5
2015-05-18,90.093,25.79
2015-05-19,90.329,25.86
2015-05-20,89.262,26.41
2015-05-21,88.865,26.41
2015-05-22,89.29,26.2
2015-05-26,89.533,25.98
2015-05-27,90.057,27.17
2015-05-28,89.523,26.92
2015-05-29,87.814,26.59
2015-06-01,89.175,26.69
2015-06-02,89.101,26.61
2015-06-03,87.709,27.19
2015-06-04,89.593,27.19
2015-06-05,87.557,27.65
2015-06-08,87.851,27.85
2015-06-09,87.13,28.26
2015-06-10,87.726,28.79
2015-06-11,88.41,28.86
2015-06-12,88.201,28.77
2015-06-15,87.724,28.89
2015-06-16,88.677,29.37
2015-06-17,89.495,29.7
2015-06-18,91.452,29.17
2015-06-19,91.253,29.59
2015-06-22,91.082,30.66
2015-06-23,91.518,30.54
2015-06-24,90.408,30.37
2015-06-25,90.082,30.59
2015-06-26,89.61,30.68
2015-06-29,88.372,30.91
2015-06-30,88.705,31.59
2015-07-01,89.39,31.43
2015-07-02,90.247,29.82
2015-07-06,90.31,30.23
2015-07-07,90.929,29.99
2015-07-08,89.838,29.82
2015-07-09,89.75,30.48
2015-07-10,90.729,31.47
2015-07-13,90.998,31.86
2015-07-14,90.788,30.82
2015-07-15,91.236,30.55
2015-07-16,93.013,31.24
2015-07-17,92.186,31.06
2015-07-20,92.289,31.1
2015-07-21,92.186,30.91
2015-07-22,91.797,31.1
2015-07-23,93.184,30.54
2015-07-24,92.033,30.37
2015-07-27,91.738,29.94
2015-07-28,91.928,29.4
2015-07-29,91.587,28.59
2015-07-30,90.282,29.02
2015-07-31,90.437,29.43
2015-08-03,90.672,29.69
2015-08-04,91.397,30.14
2015-08-05,91.889,34.17
2015-08-06,93.525,33.82
2015-08-07,94.751,34.2
2015-08-10,95.552,34.39
2015-08-11,96.035,34.5
2015-08-12,95.057,34.31
2015-08-13,95.322,35.02
2015-08-14,96.109,35.24
2015-08-17,96.455,37.14
2015-08-18,95.552,36.31
2015-08-19,95.466,36.47
2015-08-20,93.992,35.45
2015-08-21,91.947,34.12
2015-08-24,87.423,33.05
2015-08-25,85.11,33.14
2015-08-26,87.031,34.32
2015-08-27,89.258,34.62
2015-08-28,88.858,33.9
2015-08-31,87.659,33.6
2015-09-01,85.605,32.92
2015-09-02,86.69,33.82
2015-09-03,86.545,34.24
2015-09-04,84.645,34.21
2015-09-08,85.624,35.1
2015-09-09,84.34,34.95
2015-09-10,83.979,35.12
2015-09-11,84.872,35.22
2015-09-14,84.465,34.98
2015-09-15,85.15,35.52
2015-09-16,86.147,35.3
2015-09-17,87.023,35.81
2015-09-18,86.042,35.08
2015-09-21,86.387,35.86
2015-09-22,85.105,35.95
2015-09-23,84.781,37.21
2015-09-24,84.131,36.75
2015-09-25,84.904,35.92
2015-09-28,83.348,31.51
2015-09-29,83.157,29.8
2015-09-30,84.084,30.01
2015-10-01,84.467,28.96
2015-10-02,85.765,29.69
2015-10-05,89.319,29.16
2015-10-06,89.236,27.31
2015-10-07,90.066,28.2
2015-10-08,91.336,27.87
2015-10-09,90.734,29.37
2015-10-12,90.602,30.05
2015-10-13,89.549,29.45
2015-10-14,88.937,29.67
2015-10-15,90.458,31.5
2015-10-16,91.872,31.45
2015-10-19,92.503,32.94
2015-10-20,92.619,32.84
2015-10-21,91.808,32.12
2015-10-22,95.064,23.7
2015-10-23,94.777,26.27
2015-10-26,95.121,26.57
2015-10-27,94.874,26.4
2015-10-28,96.398,27.86
2015-10-29,97.447,28.01
2015-10-30,97.707,28.37
2015-11-02,99.453,29.19
2015-11-03,98.709,28.97
2015-11-04,97.707,28.91
2015-11-05,96.398,28.88
2015-11-06,93.688,30.38
2015-11-09,92.81,30.59
2015-11-10,92.829,31.29
2015-11-11,93.295,30.08
2015-11-12,93.039,29.22
2015-11-13,92.111,29.45
2015-11-16,93.707,29.4
2015-11-17,93.994,29.49
2015-11-18,95.245,30.29
2015-11-19,95.219,29.21
2015-11-20,96.035,29.72
2015-11-23,95.513,28.81
2015-11-24,94.864,29.6
2015-11-25,94.703,29.48
2015-11-27,95.265,29.84
2015-11-30,94.978,29.5
2015-12-01,96.69,29.57
2015-12-02,95.055,30.24
2015-12-03,93.554,30.46
2015-12-04,93.231,30.32
2015-12-07,93.363,29.48
2015-12-08,92.589,30.38
2015-12-09,91.307,30.45
2015-12-10,90.859,30.24
2015-12-11,89.529,29.88
2015-12-14,90.347,29.14
2015-12-15,91.855,29.37
2015-12-16,93.671,29.91
2015-12-17,92.317,29.96
2015-12-18,90.885,29.67
2015-12-21,91.81,30.36
2015-12-22,92.635,29.84
2015-12-23,94.633,30.63
2015-12-24,94.287,30.72
2015-12-28,94.508,30.27
2015-12-29,95.507,31.33
2015-12-30,94.248,31.43
2015-12-31,93.143,31.05
2016-01-04,92.903,29.88
2016-01-05,94.737,29.89
2016-01-06,94.402,29.18
2016-01-07,92.047,27.88
2016-01-08,90.529,27.17
2016-01-11,90.77,26.69
2016-01-12,90.77,26.47
2016-01-13,88.53,24.9
2016-01-14,88.59,27.24
2016-01-15,84.919,27.17
2016-01-19,87.34,27.75
2016-01-20,85.505,27.84
2016-01-21,86.486,28.02
2016-01-22,89.589,28.48
2016-01-25,87.541,28.36
2016-01-26,88.84,28.24
2016-01-27,88.878,27.48
2016-01-28,88.878,27.1
2016-01-29,90.637,28.17
2016-02-01,89.446,28.01
2016-02-02,87.762,26.83
2016-02-03,86.936,25.27
2016-02-04,87.514,25.31
2016-02-05,85.352,23.5
2016-02-08,82.056,21.89
2016-02-09,82.21,23.04
2016-02-10,82.47,23.39
2016-02-11,80.375,22.58
2016-02-12,82.307,23.16
2016-02-16,83.056,24.13
2016-02-17,82.806,25
2016-02-18,84.065,25.05
2016-02-19,83.892,27.92
2016-02-22,85.737,28.95
2016-02-23,84.564,28.53
2016-02-24,85.535,28.56
2016-02-25,85.909,29.05
2016-02-26,86.476,28.69
2016-02-29,88.58,28.43
2016-03-01,90.982,29.41
2016-03-02,90.904,29.53
2016-03-03,91.558,30.68
2016-03-04,92.174,31.06
2016-03-07,91.846,31.82
2016-03-08,90.885,31.32
2016-03-09,90.885,32.09
2016-03-10,90.992,30.49
2016-03-11,94.594,32.24
2016-03-14,94.21,31.98
2016-03-15,94.545,31.67
2016-03-16,95.891,31.95
2016-03-17,97.755,31.92
2016-03-18,96.564,32.44
2016-03-21,96.398,32.28
2016-03-22,96.007,32.44
2016-03-23,95.67,32.06
2016-03-24,96.408,31.9
2016-03-28,96.302,32.02
2016-03-29,97.913,32.45
2016-03-30,98.294,33.75
2016-03-31,98.343,33.61
2016-04-01,100.39,34.1
2016-04-04,100.59,34.51
2016-04-05,99.91,34.29
2016-04-06,101.54,34.5
2016-04-07,100.89,34.77
2016-04-08,102.06,34.6
2016-04-11,102.34,34.27
2016-04-12,102.5,34.81
2016-04-13,102.56,35.57
2016-04-14,101.55,35.12
2016-04-15,102.12,35.43
2016-04-18,101.89,35.83
2016-04-19,101.85,35.32
2016-04-20,101.2,35.98
2016-04-21,99.026,35.76
2016-04-22,100.59,36.23
2016-04-25,100.58,35.87
2016-04-26,101.15,36.13
2016-04-27,100.89,36.38
2016-04-28,100.53,36.44
2016-04-29,101.25,35.51
2016-05-02,101.86,36.97
2016-05-03,100.56,35.28
2016-05-04,101.86,33.86
2016-05-05,102.64,35.29
2016-05-06,102.9,37.53
2016-05-09,102.97,38.45
2016-05-10,103.47,38.5
2016-05-11,102.08,37.51
2016-05-12,102.89,37.32
2016-05-13,102.05,37.41
2016-05-16,102.81,37.26
2016-05-17,101.71,35.51
2016-05-18,100.95,35.21
2016-05-19,100.18,34.99
2016-05-20,100.41,35.33
2016-05-23,100.56,34.14
2016-05-24,101.65,35.4
2016-05-25,102.5,35.25
2016-05-26,101.65,35.99
2016-05-27,102.39,36.1
2016-05-31,102.12,37.34
2016-06-01,101.82,38.01
2016-06-02,102.89,38.76
2016-06-03,103.27,38.51
2016-06-06,103.48,39.48
2016-06-07,104.14,40.69
2016-06-08,103.84,41.17
2016-06-09,105.29,40.98
2016-06-10,105.03,39.97
2016-06-13,105.16,39.41
2016-06-14,103.89,39.25
2016-06-15,104.04,38.85
2016-06-16,104.48,39.23
2016-06-17,103.75,38.27
2016-06-20,104.22,39.55
2016-06-21,106.18,39.68
2016-06-22,106.14,39.48
2016-06-23,108.15,40.31
2016-06-24,105.05,39.01
2016-06-27,105.64,37.73
2016-06-28,107.49,37.91
2016-06-29,109.63,39.18
2016-06-30,110.21,39.97
2016-07-01,110.21,40.26
2016-07-05,110.43,40.13
2016-07-06,109.06,40.83
2016-07-07,108.86,41.35
2016-07-08,110.26,42.68
2016-07-11,111.25,43.14
2016-07-12,112.64,43.03
2016-07-13,112.55,42.83
2016-07-14,113.51,43.41
2016-07-15,113.34,43.23
2016-07-18,112.84,43.08
2016-07-19,113.87,42.88
2016-07-20,114.21,43.67
2016-07-21,114.05,43.68
2016-07-22,114.32,43.87
2016-07-25,113.39,43.84
2016-07-26,113.49,43.97
2016-07-27,114.11,44.16
2016-07-28,113.17,43.37
2016-07-29,112.31,42.3
2016-08-01,113.55,43.31
2016-08-02,113.26,42.61
2016-08-03,112.27,43.37
2016-08-04,112.96,41.93
2016-08-05,113.11,40.14
2016-08-08,112.27,36.94
2016-08-09,112.46,37.44
2016-08-10,112.78,36.14
2016-08-11,112.43,34.47
2016-08-12,113.03,35.58
2016-08-15,112.33,35.49
2016-08-16,110.72,34.35
2016-08-17,111.15,34.24
2016-08-18,110.95,34.84
2016-08-19,110.21,35.5
2016-08-22,111.2,35.84
2016-08-23,111.79,36.89
2016-08-24,111.16,35.45
2016-08-25,110.85,35.67
2016-08-26,109.86,35.77
2016-08-29,110.44,35.85
2016-08-30,109.85,36.57
2016-08-31,110.01,36.23
2016-09-01,110.42,35.68
2016-09-02,111.66,36.25
2016-09-06,113.66,36.15
2016-09-07,113.35,36.21
2016-09-08,112.79,36.26
2016-09-09,106.91,34.89
2016-09-12,107.96,35.31
2016-09-13,104.89,34.65
2016-09-14,105.15,33.97
2016-09-15,105.83,34.71
2016-09-16,104.79,34.74
2016-09-19,105.95,35.16
2016-09-20,105.41,34.03
2016-09-21,106.82,34.5
2016-09-22,108.94,34.58
2016-09-23,109.62,33.2
2016-09-26,109.33,32.64
2016-09-27,109.22,32.48
2016-09-28,109.81,32.25
2016-09-29,110.64,31.53
2016-09-30,110.49,31.87
2016-10-03,109.44,31.22
2016-10-04,107.84,30.61
2016-10-05,104.76,31.43
2016-10-06,105.79,31.91
2016-10-07,105.79,31.91
2016-10-10,106.69,32.72
2016-10-11,106.21,32.54
2016-10-12,108.75,33.18
2016-10-13,109.88,34.18
2016-10-14,110.51,33.84
2016-10-17,110.5,33.75
2016-10-18,111.29,34.13
2016-10-19,112.43,34.12
2016-10-20,111.96,33.74
2016-10-21,112.82,33.35
2016-10-24,113.82,33.67
2016-10-25,113.82,33.46
2016-10-26,112.78,33.02
2016-10-27,112.51,31.78
2016-10-28,113.22,32.07
2016-10-31,114.25,32.8
2016-11-01,112.26,31.7
2016-11-02,110.09,31.9
2016-11-03,110.43,33.1
2016-11-04,110.16,29.65
2016-11-07,112.3,30.75
2016-11-08,113.03,31.45
2016-11-09,106.49,26.9
2016-11-10,103.07,29
2016-11-11,103.07,30.05
2016-11-14,100,31.05
2016-11-15,100.91,31.85
2016-11-16,102.8,32.3
2016-11-17,102.91,33.35
2016-11-18,102.46,33.4
2016-11-21,103.26,33.45
2016-11-22,105.27,33.55
2016-11-23,104.1,33.55
2016-11-25,104.62,33.3
2016-11-28,103.45,33.2
2016-11-29,103.39,33.85
2016-11-30,99.7,33.3
2016-12-01,98.451,33.35
2016-12-02,100,33.2
2016-12-05,99.473,33.9
2016-12-06,98.324,35.35
2016-12-07,99.63,35.85
2016-12-08,99.82,36.6
2016-12-09,100.33,38.05
2016-12-12,101.29,39.25
2016-12-13,103.47,38.95
2016-12-14,103.83,38.9
2016-12-15,103.4,38.1
2016-12-16,103.15,38.15
2016-12-19,104.27,38.95
2016-12-20,104.3,39.35
2016-12-21,103.93,39.45
2016-12-22,103.93,39.25
2016-12-23,103.94,39.2
2016-12-27,104.19,39.5
2016-12-28,103.75,39.6
2016-12-29,104.29,38.85
2016-12-30,103.59,38.45
2017-01-03,104.06,39.2
2017-01-04,104.24,39.4
2017-01-05,103.88,38.3
2017-01-06,103.2,37.75
2017-01-09,102.96,38.2
2017-01-10,101.46,37.65
2017-01-11,101.78,38.55
2017-01-12,102.14,37.05
2017-01-13,101.41,37.2
2017-01-17,103.11,37.15
2017-01-18,103.58,37.1
2017-01-19,102.38,36.45
2017-01-20,102.14,37
2017-01-23,102.72,36.55
2017-01-24,102.51,36.1
2017-01-25,101.87,36.5
2017-01-26,102.24,36.3
2017-01-27,101.77,36.4
2017-01-30,100.99,35.6
2017-01-31,101.46,35.85
2017-02-01,101.25,36.15
2017-02-02,102.06,36.3
2017-02-03,103.18,37.2
2017-02-06,101.59,36.55
2017-02-07,101.43,36.6
2017-02-08,102.24,36.65
2017-02-09,103.69,37.75
2017-02-10,103.41,37.7
2017-02-13,105.43,38.15
2017-02-14,104.68,38.9
2017-02-15,105.01,39.15
2017-02-16,105.58,39.35
2017-02-17,105.98,40.7
2017-02-21,109,42.25
2017-02-22,108.84,42
2017-02-23,109.99,41.85
2017-02-24,110.67,41.8
2017-02-27,111.11,41.8
2017-02-28,112.53,41.15
2017-03-01,111.59,41.4
2017-03-02,112.55,41.6
2017-03-03,113.39,41.75
2017-03-06,112.45,40.75
2017-03-07,112.44,39.95
2017-03-08,111.02,40
2017-03-09,110.78,40.25
2017-03-10,111.34,40.8
2017-03-13,112.01,41.05
2017-03-14,111.77,40.8
2017-03-15,113.01,41.9
2017-03-16,112.83,42.85
2017-03-17,113.72,43.2
2017-03-20,113.69,43.1
2017-03-21,114.44,42.5
2017-03-22,115.98,40.7
2017-03-23,116.61,38.6
2017-03-24,116.97,38.5
2017-03-27,117.64,40.25
2017-03-28,118.02,41.3
2017-03-29,118.66,40.05
2017-03-30,118.53,40.1
2017-03-31,119.15,40.6
2017-04-03,118.76,39.35
2017-04-04,118.36,39.05
2017-04-05,118.26,39.4
2017-04-06,119.54,39.6
2017-04-07,119.71,39.65
2017-04-10,120.68,38.75
2017-04-11,120.96,39.55
2017-04-12,120.57,39.85
2017-04-13,120.8,40.1
2017-04-17,122.42,40.3
2017-04-18,123.03,40.4
2017-04-19,122.84,40.35
2017-04-20,122.47,40.6
2017-04-21,122.6,41
2017-04-24,122.03,41.45
2017-04-25,122.12,41.95
2017-04-26,121.01,41.85
2017-04-27,123.92,41.75
2017-04-28,124.09,40.85
2017-05-01,125.63,41.4
2017-05-02,126.03,41.5
2017-05-03,124.93,40.9
2017-05-04,125.52,39.65
2017-05-05,126.8,38.1
2017-05-08,126.98,38.05
2017-05-09,126.21,38.35
2017-05-10,125.23,38.5
2017-05-11,124.42,38.2
2017-05-12,124.27,38.55
2017-05-15,126.05,38.9
2017-05-16,126.48,38.8
2017-05-17,128.82,37.9
2017-05-18,126.1,37.85
2017-05-19,126.43,37.65
2017-05-22,126.84,36.85
2017-05-23,126.84,36.5
2017-05-24,127.4,36.5
2017-05-25,129.13,36.4
2017-05-26,129.19,35.75
2017-05-30,130.18,36.25
2017-05-31,129.26,36.25
2017-06-01,129.89,37.05
2017-06-02,130.54,37.2
2017-06-05,129.67,36.75
2017-06-06,129.76,37.5
2017-06-07,129.88,35.4
2017-06-08,129.05,36.55
2017-06-09,128.36,36.75
2017-06-12,127.28,36.65
2017-06-13,128.28,36.45
2017-06-14,128.58,36.6
2017-06-15,129.58,36.05
2017-06-16,130.65,36.05
2017-06-19,131.03,36.05
2017-06-20,129.91,35.75
2017-06-21,129.32,35.6
2017-06-22,129.58,36.75
2017-06-23,130.58,37.5
2017-06-26,131.16,37.05
2017-06-27,134.42,37.75
2017-06-28,133.2,38.15
2017-06-29,131.51,38.85
2017-06-30,131.02,39.05
2017-07-03,130.12,38.75
2017-07-05,130.95,38.75
2017-07-06,130.25,37.2
2017-07-07,131.83,38.25
2017-07-10,129.92,37.55
2017-07-11,129.64,36.8
2017-07-12,132.56,36.85
2017-07-13,132.82,36.7
2017-07-14,134.7,36.5
2017-07-17,134.07,36.8
2017-07-18,134.84,36.75
2017-07-19,134.09,37.1
2017-07-20,134.9,38.3
2017-07-21,135.55,38
2017-07-24,135.72,38.2
2017-07-25,135.27,38.75
2017-07-26,136.51,38.1
2017-07-27,133.53,38.15
2017-07-28,136.98,38.3
2017-07-31,134.99,36.9
2017-08-01,134.63,36.25
2017-08-02,136.61,35.55
2017-08-03,135.8,36.1
2017-08-04,136.22,35.95
2017-08-07,136.71,36.75
2017-08-08,135.28,38
2017-08-09,136.49,37.4
2017-08-10,135.48,36.95
2017-08-11,135.33,36.5
2017-08-14,138.59,37.35
2017-08-15,138.32,37.1
2017-08-16,139.7,37.85
2017-08-17,138.28,37.65
2017-08-18,138.62,38.7
2017-08-21,139.89,39.2
2017-08-22,140.69,37.6
2017-08-23,141.43,37.65
2017-08-24,142.39,37.65
2017-08-25,142.82,37.75
2017-08-28,144.35,37.7
2017-08-29,144.46,37.8
2017-08-30,146.07,37.6
2017-08-31,146.59,37.35
2017-09-01,144.34,37.1
2017-09-05,145.49,37.15
2017-09-06,144.63,38.15
2017-09-07,145.54,37.25
2017-09-08,143.56,37
2017-09-11,144.74,38.25
2017-09-12,143.4,38.45
2017-09-13,142.29,38.6
2017-09-14,141.44,38.8
2017-09-15,143.58,39.25
2017-09-18,143.34,39.45
2017-09-19,139.59,39.3
2017-09-20,139.02,40.5
2017-09-21,138.03,40.9
2017-09-22,136.43,41.15
2017-09-25,136.04,40.6
2017-09-26,135.08,40.6
2017-09-27,133.41,42.8
2017-09-28,135.42,45.45
2017-09-29,136,45.7
2017-10-02,135.19,45.35
2017-10-03,135.98,46.1
2017-10-04,138.15,44.4
2017-10-05,138.56,44.9
2017-10-06,138.42,45.05
2017-10-09,137.25,42.5
2017-10-10,136.41,42.1
2017-10-11,137.24,42.25
2017-10-12,139.33,41.6
2017-10-13,139.27,41.4
2017-10-16,138.9,41.95
2017-10-17,138.44,41.95
2017-10-18,136.8,43
2017-10-19,137.7,43.25
2017-10-20,138.38,43.65
2017-10-23,138.06,43.45
2017-10-24,137.34,42.9
2017-10-25,136.65,43.15
2017-10-26,137.76,42.5
2017-10-27,138.34,43.3
2017-10-30,142.16,43
2017-10-31,142.96,43.9
2017-11-01,140.11,42.65
2017-11-02,141.73,40.65
2017-11-03,141.39,41.1
2017-11-06,149.41,42.5
2017-11-07,149.91,41.95
2017-11-08,151.96,43.15
2017-11-09,151.07,43.05
2017-11-10,149.79,43.85
2017-11-13,149.29,44.1
2017-11-14,148.75,43.25
2017-11-15,148.19,42.45
2017-11-16,147.66,43.65
2017-11-17,145.15,44.3
2017-11-20,145.49,44.55
2017-11-21,145.86,45.75
2017-11-22,144.59,47.1
2017-11-24,146.57,47.35
2017-11-27,147.49,47.3
2017-11-28,147.9,48
2017-11-29,145.57,50.85
2017-11-30,143.21,50.2
2017-12-01,142.9,49.6
2017-12-04,138.28,50.6
2017-12-05,140.06,49.3
2017-12-06,141.1,49.1
2017-12-07,143.39,49
2017-12-08,141.76,50.15
2017-12-11,143.33,49.4
2017-12-12,142.8,48.3
2017-12-13,143.02,48.25
2017-12-14,142.93,47.45
2017-12-15,142.05,48.95
2017-12-18,142.13,48.95
2017-12-19,141.16,49.3
2017-12-20,139.49,49.45
2017-12-21,138.92,48.75
2017-12-22,139.96,48.5
2017-12-26,140.21,48.8
2017-12-27,141.56,49.3
2017-12-28,142.91,49.65
2017-12-29,142.67,49.25
2018-01-02,141.13,49.6
2018-01-03,141.68,48.45
2018-01-04,139.61,49.2
2018-01-05,140.51,49.5
2018-01-08,142.01,49.3
2018-01-09,141.05,49.25
2018-01-10,137.61,49
2018-01-11,134.97,49.15
2018-01-12,133,49.8
2018-01-16,135.63,49.3
2018-01-17,136.64,49.5
2018-01-18,135.19,48.9
2018-01-19,137.62,50.65
